timestamp,mt5_bid,mt5_ask,tv_price,diff_bid,diff_ask
2026-07-17 14:01:03,55.266,55.336,55.2969,0.0309,-0.0391
2026-07-17 14:01:13,55.301,55.371,55.31775,0.0167,-0.0533
2026-07-17 14:01:23,55.315,55.387,55.3475,0.0325,-0.0395
2026-07-17 14:01:33,55.31,55.375,55.3455,0.0355,-0.0295
2026-07-17 14:01:43,55.305,55.371,55.3365,0.0315,-0.0345
2026-07-17 14:01:54,55.32,55.393,55.3625,0.0425,-0.0305
2026-07-17 14:02:04,55.309,55.382,55.3345,0.0255,-0.0475
2026-07-17 14:02:14,55.297,55.369,55.326,0.029,-0.043
2026-07-17 14:02:24,55.28,55.352,55.3255,0.0455,-0.0265
2026-07-17 14:02:34,55.3,55.369,55.3275,0.0275,-0.0415
2026-07-17 14:02:44,55.306,55.375,55.3385,0.0325,-0.0365
2026-07-17 14:02:54,55.296,55.368,55.331,0.035,-0.037
2026-07-17 14:03:04,55.276,55.349,55.319,0.043,-0.03
2026-07-17 14:03:15,55.275,55.348,55.31,0.035,-0.038
2026-07-17 14:03:25,55.269,55.342,55.3215,0.0525,-0.0205
2026-07-17 14:03:35,55.256,55.327,55.291,0.035,-0.036
2026-07-17 14:03:45,55.286,55.36,55.3215,0.0355,-0.0385
2026-07-17 14:03:55,55.283,55.355,55.319,0.036,-0.036
2026-07-17 14:04:05,55.278,55.351,55.3145,0.0365,-0.0365
2026-07-17 14:04:15,55.277,55.347,55.313,0.036,-0.034
2026-07-17 14:04:25,55.288,55.362,55.3305,0.0425,-0.0315
2026-07-17 14:04:35,55.297,55.367,55.33495,0.038,-0.032
2026-07-17 14:04:45,55.293,55.367,55.3335,0.0405,-0.0335
2026-07-17 14:04:55,55.305,55.377,55.3355,0.0305,-0.0415
2026-07-17 14:05:05,55.304,55.377,55.3405,0.0365,-0.0365
2026-07-17 14:05:16,55.32,55.393,55.3615,0.0415,-0.0315
2026-07-17 14:05:26,55.27,55.342,55.3075,0.0375,-0.0345
2026-07-17 14:05:36,55.28,55.349,55.3135,0.0335,-0.0355
2026-07-17 14:05:46,55.293,55.367,55.32435,0.0314,-0.0426
2026-07-17 14:05:56,55.291,55.363,55.328,0.037,-0.035
