ltf,key,htf,direction,n_overlap,n_giris,esik15,esik20
M1,baseline_karsilastirma,H1,up,1,6875,74.7,120.3
M1,baseline_karsilastirma,H1,down,3,6271,71.9,123.3
M1,baseline_karsilastirma,M30,up,2,14711,107.5,189.0
M1,baseline_karsilastirma,M30,down,1,35498,104.0,179.5
M1,coklu_teyit_N2,H1,up,1,3344,71.8,115.9
M1,coklu_teyit_N2,H1,down,3,3134,70.5,117.7
M1,coklu_teyit_N2,M30,up,2,7137,108.5,187.6
M1,coklu_teyit_N2,M30,down,1,17288,104.3,180.3
M1,coklu_teyit_N3,H1,up,1,1614,71.6,117.0
M1,coklu_teyit_N3,H1,down,3,1585,68.8,115.1
M1,coklu_teyit_N3,M30,up,2,3369,111.2,190.9
M1,coklu_teyit_N3,M30,down,1,8341,102.1,176.9
M1,momentum_k05,H1,up,1,2954,71.8,116.3
M1,momentum_k05,H1,down,3,2601,69.0,114.4
M1,momentum_k05,M30,up,2,6321,107.9,189.7
M1,momentum_k05,M30,down,1,15354,104.5,181.4
M1,momentum_k10,H1,up,1,899,63.2,109.1
M1,momentum_k10,H1,down,3,762,71.2,116.9
M1,momentum_k10,M30,up,2,1906,101.7,183.2
M1,momentum_k10,M30,down,1,4676,103.6,178.8
M5,baseline_karsilastirma,H1,up,2,15151,129.0,220.0
M5,baseline_karsilastirma,H1,down,8,8484,54.4,95.8
M5,baseline_karsilastirma,M30,up,5,15928,64.0,110.4
M5,baseline_karsilastirma,M30,down,6,22655,89.4,145.7
M5,coklu_teyit_N2,H1,up,2,7549,135.4,226.5
M5,coklu_teyit_N2,H1,down,8,4143,56.3,100.0
M5,coklu_teyit_N2,M30,up,5,7926,64.6,112.2
M5,coklu_teyit_N2,M30,down,6,11051,87.7,144.3
M5,coklu_teyit_N3,H1,up,2,3700,143.6,235.3
M5,coklu_teyit_N3,H1,down,8,1971,57.0,100.7
M5,coklu_teyit_N3,M30,up,5,3860,67.7,117.1
M5,coklu_teyit_N3,M30,down,6,5230,86.9,142.4
M5,momentum_k05,H1,up,2,6009,124.3,215.2
M5,momentum_k05,H1,down,8,3317,49.0,88.1
M5,momentum_k05,M30,up,5,6375,64.0,109.5
M5,momentum_k05,M30,down,6,9018,82.0,137.2
M5,momentum_k10,H1,up,2,1555,102.1,183.7
M5,momentum_k10,H1,down,8,904,36.7,69.0
M5,momentum_k10,M30,up,5,1721,56.3,89.8
M5,momentum_k10,M30,down,6,2493,75.3,133.8
M15,baseline_karsilastirma,H1,up,6,24709,265.4,432.8
M15,baseline_karsilastirma,H1,down,16,20599,379.5,608.3
M15,baseline_karsilastirma,M30,up,11,22028,259.3,428.8
M15,baseline_karsilastirma,M30,down,18,32044,361.5,575.1
M15,coklu_teyit_N2,H1,up,6,12268,261.9,438.6
M15,coklu_teyit_N2,H1,down,16,9833,382.0,610.3
M15,coklu_teyit_N2,M30,up,11,10869,254.7,421.6
M15,coklu_teyit_N2,M30,down,18,15371,360.6,571.5
M15,coklu_teyit_N3,H1,up,6,6088,265.4,449.8
M15,coklu_teyit_N3,H1,down,16,4650,385.4,619.8
M15,coklu_teyit_N3,M30,up,11,5235,245.9,418.5
M15,coklu_teyit_N3,M30,down,18,7297,356.2,559.1
M15,momentum_k05,H1,up,6,9280,236.9,397.2
M15,momentum_k05,H1,down,16,7575,341.9,547.8
M15,momentum_k05,M30,up,11,8166,231.7,380.8
M15,momentum_k05,M30,down,18,12167,327.3,512.5
M15,momentum_k10,H1,up,6,2716,216.5,378.9
M15,momentum_k10,H1,down,16,2235,303.2,484.4
M15,momentum_k10,M30,up,11,2391,187.2,345.3
M15,momentum_k10,M30,down,18,3612,290.6,453.9
