entry_idx,exit_idx,entry_time,exit_time,direction,tf_source,sl_pts,tp_pts,exit_reason,gross_pnl_pts,net_pnl_pts,lot,pnl_usd,hold_bars_m15,hold_hours,split
507,520,2022-05-02 15:30:00+00:00,2022-05-02 18:45:00+00:00,down,H1,131.1,1311.4,SL_FALSE_BREAKOUT,-610.81,-648.52,0.15,-97.2774,13,3.25,train
523,583,2022-05-02 19:30:00+00:00,2022-05-03 11:30:00+00:00,down,H1,154.4,1544.3,TP,1544.29,1506.58,0.12,180.7902,60,15.0,train
621,671,2022-05-03 21:00:00+00:00,2022-05-04 10:30:00+00:00,down,H1,120.7,1207.4,SL_FALSE_BREAKOUT,-419.95,-457.65,0.16,-73.2234,50,12.5,train
676,681,2022-05-04 11:45:00+00:00,2022-05-04 13:00:00+00:00,down,H1,94.9,948.6,SL_FALSE_BREAKOUT,-243.32,-281.03,0.21,-59.0154,5,1.25,train
684,694,2022-05-04 13:45:00+00:00,2022-05-04 16:15:00+00:00,down,H1,83.4,834.3,SL_FALSE_BREAKOUT,-365.25,-402.96,0.23,-92.6797,10,2.5,train
695,713,2022-05-04 16:30:00+00:00,2022-05-04 21:00:00+00:00,down,H1,114.2,1142.3,SL_FALSE_BREAKOUT,-295.17,-332.87,0.17,-56.5883,18,4.5,train
831,832,2022-05-06 04:30:00+00:00,2022-05-06 04:45:00+00:00,down,H1,90.0,899.7,KANALA_GERI_DONUS_ERKEN_CIKIS,-275.0,-312.7,0.22,-68.7942,1,0.25,train
951,970,2022-05-09 11:30:00+00:00,2022-05-09 16:15:00+00:00,down,H1,110.2,1102.0,SL_FALSE_BREAKOUT,-518.23,-555.93,0.18,-100.0672,19,4.75,train
971,1068,2022-05-09 16:30:00+00:00,2022-05-10 17:45:00+00:00,down,H1,160.9,1609.1,TP,1609.14,1571.44,0.12,188.573,97,24.25,train
1844,1845,2022-05-23 04:45:00+00:00,2022-05-23 05:00:00+00:00,down,M30,80.8,808.3,KANALA_GERI_DONUS_ERKEN_CIKIS,-360.0,-397.7,0.24,-95.4482,1,0.25,train
1904,1908,2022-05-23 19:45:00+00:00,2022-05-23 20:45:00+00:00,down,M30,94.5,945.4,SL_FALSE_BREAKOUT,-286.48,-324.18,0.21,-68.0776,4,1.0,train
1936,1941,2022-05-24 04:45:00+00:00,2022-05-24 06:00:00+00:00,down,M30,49.5,494.6,SL_FALSE_BREAKOUT,-233.51,-271.21,0.4,-108.4835,5,1.25,train
1985,1992,2022-05-24 17:00:00+00:00,2022-05-24 18:45:00+00:00,down,H1,133.8,1338.0,KANALA_GERI_DONUS_ERKEN_CIKIS,-702.0,-739.7,0.14,-103.5581,7,1.75,train
1994,2064,2022-05-24 19:15:00+00:00,2022-05-25 13:45:00+00:00,down,H1,135.9,1358.6,TP,1358.57,1320.87,0.14,184.9219,70,17.5,train
2078,2093,2022-05-25 17:15:00+00:00,2022-05-25 21:00:00+00:00,down,M30,121.9,1218.6,SL_FALSE_BREAKOUT,-306.99,-344.69,0.16,-55.1499,15,3.75,train
2120,2121,2022-05-26 04:45:00+00:00,2022-05-26 05:00:00+00:00,down,M30,49.0,490.0,SL_FALSE_BREAKOUT,-123.33,-161.03,0.4,-64.4131,1,0.25,train
2130,2158,2022-05-26 07:15:00+00:00,2022-05-26 14:15:00+00:00,down,M30,60.5,605.1,TP,605.14,567.44,0.33,187.2558,28,7.0,train
2172,2183,2022-05-26 17:45:00+00:00,2022-05-26 20:30:00+00:00,down,M30,146.3,1462.9,KANALA_GERI_DONUS_ERKEN_CIKIS,-344.0,-381.7,0.13,-49.6211,11,2.75,train
2210,2211,2022-05-27 04:15:00+00:00,2022-05-27 04:30:00+00:00,down,M30,46.5,465.1,SL_FALSE_BREAKOUT,-178.87,-216.57,0.42,-90.9594,1,0.25,train
2436,2524,2022-05-31 17:15:00+00:00,2022-06-01 16:15:00+00:00,down,M30,153.3,1533.1,SL_FALSE_BREAKOUT,-570.29,-607.99,0.13,-79.0384,88,22.0,train
2527,2534,2022-06-01 17:00:00+00:00,2022-06-01 18:45:00+00:00,down,M30,135.8,1358.3,SL_FALSE_BREAKOUT,-526.13,-563.83,0.14,-78.9367,7,1.75,train
2570,2572,2022-06-02 04:45:00+00:00,2022-06-02 05:15:00+00:00,down,M30,51.1,510.6,SL_FALSE_BREAKOUT,-143.87,-181.57,0.39,-70.8138,2,0.5,train
2573,2576,2022-06-02 05:30:00+00:00,2022-06-02 06:15:00+00:00,down,M30,54.8,548.3,KANALA_GERI_DONUS_ERKEN_CIKIS,-170.0,-207.7,0.36,-74.7723,3,0.75,train
2578,2584,2022-06-02 06:45:00+00:00,2022-06-02 08:15:00+00:00,down,M30,49.8,498.3,KANALA_GERI_DONUS_ERKEN_CIKIS,-88.0,-125.7,0.4,-50.2804,6,1.5,train
2618,2619,2022-06-02 16:45:00+00:00,2022-06-02 17:00:00+00:00,down,H1,130.5,1304.9,KANALA_GERI_DONUS_ERKEN_CIKIS,-393.0,-430.7,0.15,-64.6051,1,0.25,train
2620,2621,2022-06-02 17:15:00+00:00,2022-06-02 17:30:00+00:00,down,H1,144.2,1442.3,KANALA_GERI_DONUS_ERKEN_CIKIS,-230.0,-267.7,0.13,-34.8011,1,0.25,train
2622,2623,2022-06-02 17:45:00+00:00,2022-06-02 18:00:00+00:00,down,H1,152.7,1526.6,KANALA_GERI_DONUS_ERKEN_CIKIS,-244.0,-281.7,0.13,-36.6211,1,0.25,train
2682,2705,2022-06-03 09:45:00+00:00,2022-06-03 15:30:00+00:00,down,H1,52.8,528.0,TP,528.0,490.3,0.37,181.4107,23,5.75,train
2822,2856,2022-06-06 21:45:00+00:00,2022-06-07 07:15:00+00:00,down,M30,64.5,645.1,SL_FALSE_BREAKOUT,-175.89,-213.59,0.31,-66.2124,34,8.5,train
2860,2866,2022-06-07 08:15:00+00:00,2022-06-07 09:45:00+00:00,down,M30,60.3,602.6,SL_FALSE_BREAKOUT,-137.6,-175.3,0.33,-57.8487,6,1.5,train
3161,3165,2022-06-10 14:30:00+00:00,2022-06-10 15:30:00+00:00,down,M30,78.8,787.7,SL_FALSE_BREAKOUT,-497.75,-535.45,0.25,-133.8635,4,1.0,train
3167,3172,2022-06-10 16:00:00+00:00,2022-06-10 17:15:00+00:00,down,M30,170.5,1704.6,SL_FALSE_BREAKOUT,-398.29,-435.99,0.11,-47.9591,5,1.25,train
3214,3243,2022-06-13 04:45:00+00:00,2022-06-13 12:00:00+00:00,down,H1,98.5,985.1,TP,985.14,947.44,0.2,189.4884,29,7.25,train
3260,3284,2022-06-13 16:15:00+00:00,2022-06-13 22:15:00+00:00,down,M30,159.3,1593.1,TP,1593.14,1555.44,0.12,186.653,24,6.0,train
3466,3468,2022-06-15 21:45:00+00:00,2022-06-15 22:15:00+00:00,down,M30,216.2,2162.3,SL_FALSE_BREAKOUT,-793.37,-831.07,0.09,-74.7961,2,0.5,train
3469,3543,2022-06-15 22:30:00+00:00,2022-06-16 18:00:00+00:00,down,M30,261.1,2611.4,KANALA_GERI_DONUS_ERKEN_CIKIS,-436.0,-473.7,0.07,-33.1591,74,18.5,train
3824,3830,2022-06-21 21:45:00+00:00,2022-06-21 23:15:00+00:00,down,M30,78.7,787.4,SL_FALSE_BREAKOUT,-246.72,-284.43,0.25,-71.1063,6,1.5,train
3833,3870,2022-06-22 01:00:00+00:00,2022-06-22 10:15:00+00:00,down,M30,68.5,685.4,TP,685.43,647.73,0.29,187.841,37,9.25,train
3973,3983,2022-06-23 13:00:00+00:00,2022-06-23 15:30:00+00:00,down,M30,97.5,974.9,SL_FALSE_BREAKOUT,-296.94,-334.64,0.2,-66.9286,10,2.5,train
4001,4109,2022-06-23 20:00:00+00:00,2022-06-27 01:00:00+00:00,down,M30,143.8,1437.7,SL_FALSE_BREAKOUT,-392.87,-430.57,0.13,-55.9746,108,27.0,train
4174,4235,2022-06-27 17:15:00+00:00,2022-06-28 09:30:00+00:00,down,M30,112.6,1126.3,KANALA_GERI_DONUS_ERKEN_CIKIS,-232.0,-269.7,0.17,-45.8492,61,15.25,train
4236,4243,2022-06-28 09:45:00+00:00,2022-06-28 11:30:00+00:00,down,M30,50.9,509.1,SL_FALSE_BREAKOUT,-182.56,-220.26,0.39,-85.9015,7,1.75,train
4244,4264,2022-06-28 11:45:00+00:00,2022-06-28 16:45:00+00:00,down,M30,72.9,728.9,TP,728.86,691.16,0.27,186.6122,20,5.0,train
4348,4351,2022-06-29 14:45:00+00:00,2022-06-29 15:30:00+00:00,down,M30,108.1,1080.9,SL_FALSE_BREAKOUT,-368.55,-406.25,0.18,-73.1245,3,0.75,train
4355,4439,2022-06-29 16:30:00+00:00,2022-06-30 14:30:00+00:00,down,M30,142.6,1426.3,TP,1426.29,1388.58,0.14,194.4019,84,21.0,train
6339,6354,2022-07-29 09:00:00+00:00,2022-07-29 12:45:00+00:00,up,H1,82.7,827.4,SL_FALSE_BREAKOUT,-946.35,-984.05,0.24,-236.1729,15,3.75,train
6360,6363,2022-07-29 14:15:00+00:00,2022-07-29 15:00:00+00:00,up,H1,105.7,1056.6,SL_FALSE_BREAKOUT,-267.01,-304.72,0.18,-54.8488,3,0.75,train
6364,6365,2022-07-29 15:15:00+00:00,2022-07-29 15:30:00+00:00,up,H1,118.9,1188.6,SL_FALSE_BREAKOUT,-453.4,-491.11,0.16,-78.5769,1,0.25,train
6374,6501,2022-07-29 17:45:00+00:00,2022-08-02 03:30:00+00:00,up,H1,160.3,1602.9,TP,1602.86,1565.16,0.12,187.8187,127,31.75,train
6595,6641,2022-08-03 04:00:00+00:00,2022-08-03 15:30:00+00:00,up,H1,101.6,1016.3,TP,1016.29,978.58,0.19,185.9311,46,11.5,train
6660,6699,2022-08-03 20:15:00+00:00,2022-08-04 07:00:00+00:00,up,H1,113.0,1130.3,TP,1130.29,1092.58,0.17,185.7394,39,9.75,train
7102,7109,2022-08-10 15:45:00+00:00,2022-08-10 17:30:00+00:00,down,M30,147.4,1474.0,KANALA_GERI_DONUS_ERKEN_CIKIS,-364.0,-401.7,0.13,-52.2211,7,1.75,train
7115,7303,2022-08-10 19:00:00+00:00,2022-08-12 20:00:00+00:00,down,M30,146.3,1463.1,SL_FALSE_BREAKOUT,-351.93,-389.63,0.13,-50.6517,188,47.0,train
7336,7355,2022-08-15 05:15:00+00:00,2022-08-15 10:00:00+00:00,down,M30,56.5,565.4,TP,565.43,527.73,0.35,184.7047,19,4.75,train
7583,7630,2022-08-17 21:00:00+00:00,2022-08-18 09:45:00+00:00,up,H1,91.8,918.3,KANALA_GERI_DONUS_ERKEN_CIKIS,-656.0,-693.7,0.21,-145.6772,47,11.75,train
7634,7642,2022-08-18 10:45:00+00:00,2022-08-18 12:45:00+00:00,up,H1,51.7,516.6,TP,516.57,478.87,0.38,181.9708,8,2.0,train
8101,8103,2022-08-25 12:30:00+00:00,2022-08-25 13:00:00+00:00,up,H1,77.1,770.9,SL_FALSE_BREAKOUT,-198.98,-236.68,0.25,-59.1704,2,0.5,train
8107,8110,2022-08-25 14:00:00+00:00,2022-08-25 14:45:00+00:00,up,H1,71.5,714.9,SL_FALSE_BREAKOUT,-236.17,-273.87,0.27,-73.944,3,0.75,train
13415,13418,2022-11-15 09:30:00+00:00,2022-11-15 10:15:00+00:00,up,H1,81.2,812.0,SL_FALSE_BREAKOUT,-195.44,-233.15,0.24,-55.955,3,0.75,train
13476,13477,2022-11-16 01:45:00+00:00,2022-11-16 02:00:00+00:00,up,H1,77.4,773.7,KANALA_GERI_DONUS_ERKEN_CIKIS,-182.0,-219.7,0.25,-54.9252,1,0.25,train
13513,13529,2022-11-16 11:00:00+00:00,2022-11-16 15:00:00+00:00,up,H1,90.8,908.3,SL_FALSE_BREAKOUT,-206.42,-244.12,0.22,-53.7063,16,4.0,train
13530,13531,2022-11-16 15:15:00+00:00,2022-11-16 15:30:00+00:00,up,H1,92.5,924.6,SL_FALSE_BREAKOUT,-236.6,-274.31,0.21,-57.6042,1,0.25,train
14515,14521,2022-12-01 14:15:00+00:00,2022-12-01 15:45:00+00:00,up,H1,77.4,774.0,TP,774.0,736.3,0.25,184.0748,6,1.5,train
14613,14619,2022-12-02 15:45:00+00:00,2022-12-02 17:15:00+00:00,up,H1,127.3,1272.9,SL_FALSE_BREAKOUT,-430.99,-468.69,0.15,-70.3034,6,1.5,train
14620,14655,2022-12-02 17:30:00+00:00,2022-12-05 03:15:00+00:00,up,H1,188.7,1887.1,TP,1887.14,1849.44,0.1,184.9442,35,8.75,train
14907,14931,2022-12-07 20:15:00+00:00,2022-12-08 03:15:00+00:00,up,H1,126.0,1260.0,SL_FALSE_BREAKOUT,-309.86,-347.56,0.15,-52.1338,24,6.0,train
14949,14959,2022-12-08 07:45:00+00:00,2022-12-08 10:15:00+00:00,up,H1,51.1,510.9,SL_FALSE_BREAKOUT,-130.63,-168.33,0.39,-65.6484,10,2.5,train
14962,14963,2022-12-08 11:00:00+00:00,2022-12-08 11:15:00+00:00,up,H1,63.9,638.9,KANALA_GERI_DONUS_ERKEN_CIKIS,-166.0,-203.7,0.31,-63.1473,1,0.25,train
14972,14980,2022-12-08 13:30:00+00:00,2022-12-08 15:30:00+00:00,up,H1,65.9,659.1,TP,659.14,621.44,0.3,186.4326,8,2.0,train
15212,15215,2022-12-13 04:30:00+00:00,2022-12-13 05:15:00+00:00,up,H1,46.7,467.4,KANALA_GERI_DONUS_ERKEN_CIKIS,-97.0,-134.7,0.42,-56.5744,3,0.75,train
15225,15238,2022-12-13 07:45:00+00:00,2022-12-13 11:00:00+00:00,up,H1,48.9,488.6,SL_FALSE_BREAKOUT,-125.2,-162.9,0.4,-65.1602,13,3.25,train
15243,15255,2022-12-13 12:15:00+00:00,2022-12-13 15:15:00+00:00,up,H1,81.6,816.0,TP,816.0,778.3,0.24,186.7918,12,3.0,train
15537,15634,2022-12-16 16:45:00+00:00,2022-12-19 18:00:00+00:00,up,H1,113.9,1138.9,SL_FALSE_BREAKOUT,-802.62,-840.32,0.17,-142.8543,97,24.25,train
15635,15662,2022-12-19 18:15:00+00:00,2022-12-20 02:00:00+00:00,up,H1,113.2,1132.0,KANALA_GERI_DONUS_ERKEN_CIKIS,-313.0,-350.7,0.17,-59.6192,27,6.75,train
15668,15669,2022-12-20 03:30:00+00:00,2022-12-20 03:45:00+00:00,up,H1,42.0,420.3,SL_FALSE_BREAKOUT,-123.73,-161.43,0.47,-75.8742,1,0.25,train
15673,15674,2022-12-20 04:45:00+00:00,2022-12-20 05:00:00+00:00,up,H1,57.3,573.1,TP,573.14,535.44,0.34,182.0503,1,0.25,train
15925,15977,2022-12-22 21:45:00+00:00,2022-12-23 11:45:00+00:00,up,H1,92.9,928.9,TP,928.86,891.16,0.21,187.1428,52,13.0,train
16613,16637,2023-01-05 09:45:00+00:00,2023-01-05 15:45:00+00:00,down,H1,84.7,846.9,TP,846.86,809.16,0.23,186.1059,24,6.0,train
16730,16734,2023-01-06 16:00:00+00:00,2023-01-06 17:00:00+00:00,down,H1,146.1,1460.6,SL_FALSE_BREAKOUT,-514.28,-551.98,0.13,-71.7573,4,1.0,train
17203,17258,2023-01-13 19:15:00+00:00,2023-01-16 10:00:00+00:00,up,M30,148.4,1484.3,KANALA_GERI_DONUS_ERKEN_CIKIS,-245.0,-282.7,0.13,-36.7511,55,13.75,train
17264,17278,2023-01-16 11:30:00+00:00,2023-01-16 15:00:00+00:00,up,M30,99.7,996.9,SL_FALSE_BREAKOUT,-422.65,-460.35,0.2,-92.0699,14,3.5,train
17285,17293,2023-01-16 16:45:00+00:00,2023-01-16 18:45:00+00:00,up,M30,79.7,796.6,KANALA_GERI_DONUS_ERKEN_CIKIS,-172.0,-209.7,0.25,-52.4252,8,2.0,train
17300,17307,2023-01-16 20:30:00+00:00,2023-01-17 01:45:00+00:00,up,M30,38.4,383.7,TP,383.71,346.01,0.52,179.9269,7,1.75,train
17313,17314,2023-01-17 03:15:00+00:00,2023-01-17 03:30:00+00:00,up,M30,58.3,582.9,SL_FALSE_BREAKOUT,-316.21,-353.91,0.34,-120.3287,1,0.25,train
17316,17317,2023-01-17 04:00:00+00:00,2023-01-17 04:15:00+00:00,up,M30,82.0,819.7,SL_FALSE_BREAKOUT,-254.84,-292.54,0.24,-70.2106,1,0.25,train
17364,17366,2023-01-17 16:00:00+00:00,2023-01-17 16:30:00+00:00,up,M30,110.9,1108.9,SL_FALSE_BREAKOUT,-321.96,-359.66,0.18,-64.7397,2,0.5,train
17446,17454,2023-01-18 13:30:00+00:00,2023-01-18 15:30:00+00:00,up,M30,80.9,808.9,TP,808.86,771.16,0.24,185.0775,8,2.0,train
17549,17569,2023-01-19 16:15:00+00:00,2023-01-19 21:15:00+00:00,up,M30,119.2,1192.3,TP,1192.29,1154.58,0.16,184.7336,20,5.0,train
17735,17736,2023-01-23 16:45:00+00:00,2023-01-23 17:00:00+00:00,up,M30,136.8,1367.7,SL_FALSE_BREAKOUT,-406.28,-443.98,0.14,-62.157,1,0.25,train
17737,17774,2023-01-23 17:15:00+00:00,2023-01-24 03:30:00+00:00,up,M30,162.0,1619.7,TP,1619.71,1582.01,0.12,189.8416,37,9.25,train
18253,18257,2023-01-31 08:15:00+00:00,2023-01-31 09:15:00+00:00,up,M30,78.4,784.3,SL_FALSE_BREAKOUT,-202.8,-240.5,0.25,-60.1251,4,1.0,train
18283,18398,2023-01-31 15:45:00+00:00,2023-02-01 21:30:00+00:00,up,M30,138.6,1385.7,TP,1385.71,1348.01,0.14,188.7219,115,28.75,train
18486,18489,2023-02-02 20:30:00+00:00,2023-02-02 21:15:00+00:00,up,M30,151.7,1516.9,KANALA_GERI_DONUS_ERKEN_CIKIS,-264.0,-301.7,0.13,-39.2211,3,0.75,train
18503,18534,2023-02-03 01:45:00+00:00,2023-02-03 09:30:00+00:00,up,M30,67.1,670.6,SL_FALSE_BREAKOUT,-169.1,-206.8,0.29,-59.9713,31,7.75,train
18553,18557,2023-02-03 14:15:00+00:00,2023-02-03 15:15:00+00:00,up,M30,96.7,967.1,SL_FALSE_BREAKOUT,-227.93,-265.63,0.2,-53.1256,4,1.0,train
19260,19270,2023-02-15 07:00:00+00:00,2023-02-15 09:30:00+00:00,down,H1,85.2,851.7,TP,851.71,814.01,0.23,187.2231,10,2.5,train
20364,20379,2023-03-03 09:30:00+00:00,2023-03-03 13:15:00+00:00,up,M30,52.7,527.1,TP,527.14,489.44,0.37,181.0935,15,3.75,train
20384,20387,2023-03-03 14:30:00+00:00,2023-03-03 15:15:00+00:00,down,H1,70.8,708.0,SL_FALSE_BREAKOUT,-212.08,-249.78,0.28,-69.9386,3,0.75,train
20391,20401,2023-03-03 16:15:00+00:00,2023-03-03 18:45:00+00:00,down,H1,78.5,785.1,SL_FALSE_BREAKOUT,-344.23,-381.93,0.25,-95.4833,10,2.5,train
20474,20500,2023-03-06 14:00:00+00:00,2023-03-06 20:30:00+00:00,up,M30,69.5,694.6,KANALA_GERI_DONUS_ERKEN_CIKIS,-161.0,-198.7,0.28,-55.6363,26,6.5,train
20504,20506,2023-03-06 21:30:00+00:00,2023-03-06 22:00:00+00:00,down,H1,72.2,722.3,KANALA_GERI_DONUS_ERKEN_CIKIS,-120.0,-157.7,0.27,-42.5793,2,0.5,train
20518,20524,2023-03-07 02:00:00+00:00,2023-03-07 03:30:00+00:00,down,H1,36.9,369.4,SL_FALSE_BREAKOUT,-176.42,-214.12,0.54,-115.6249,6,1.5,train
20526,20530,2023-03-07 04:00:00+00:00,2023-03-07 05:00:00+00:00,up,M30,51.8,518.3,SL_FALSE_BREAKOUT,-155.76,-193.46,0.38,-73.5167,4,1.0,train
20547,20549,2023-03-07 09:15:00+00:00,2023-03-07 09:45:00+00:00,up,M30,62.3,623.4,SL_FALSE_BREAKOUT,-270.31,-308.01,0.32,-98.5637,2,0.5,train
20556,20570,2023-03-07 11:30:00+00:00,2023-03-07 15:00:00+00:00,down,H1,75.1,751.4,TP,751.43,713.73,0.26,185.5692,14,3.5,train
20852,20861,2023-03-10 16:30:00+00:00,2023-03-10 18:45:00+00:00,up,M30,159.6,1596.3,KANALA_GERI_DONUS_ERKEN_CIKIS,-300.0,-337.7,0.12,-40.5241,9,2.25,train
20862,20882,2023-03-10 19:00:00+00:00,2023-03-13 00:00:00+00:00,up,M30,211.0,2110.0,TP,2110.0,2072.3,0.09,186.5069,20,5.0,train
23321,23331,2023-04-19 12:45:00+00:00,2023-04-19 15:15:00+00:00,down,H1,163.6,1636.3,KANALA_GERI_DONUS_ERKEN_CIKIS,-304.0,-341.7,0.12,-41.0041,10,2.5,train
25179,25232,2023-05-17 17:15:00+00:00,2023-05-18 07:30:00+00:00,up,M30,135.4,1353.7,KANALA_GERI_DONUS_ERKEN_CIKIS,-388.0,-425.7,0.14,-59.5981,53,13.25,train
27555,27620,2023-06-22 18:15:00+00:00,2023-06-23 11:30:00+00:00,down,M30,171.8,1718.0,KANALA_GERI_DONUS_ERKEN_CIKIS,-545.0,-582.7,0.11,-64.0971,65,16.25,train
27621,27623,2023-06-23 11:45:00+00:00,2023-06-23 12:15:00+00:00,down,M30,81.2,812.0,KANALA_GERI_DONUS_ERKEN_CIKIS,-166.0,-203.7,0.24,-48.8882,2,0.5,train
27625,27631,2023-06-23 12:45:00+00:00,2023-06-23 14:15:00+00:00,down,M30,81.0,809.7,KANALA_GERI_DONUS_ERKEN_CIKIS,-139.0,-176.7,0.24,-42.4082,6,1.5,train
27826,28004,2023-06-27 17:00:00+00:00,2023-06-29 15:30:00+00:00,down,M30,142.9,1429.4,TP,1429.43,1391.73,0.13,180.9246,178,44.5,train
28127,28129,2023-06-30 23:15:00+00:00,2023-06-30 23:45:00+00:00,down,M30,53.2,532.0,KANALA_GERI_DONUS_ERKEN_CIKIS,-101.0,-138.7,0.37,-51.3193,2,0.5,train
28134,28149,2023-07-03 02:00:00+00:00,2023-07-03 05:45:00+00:00,down,M30,38.7,387.4,TP,387.43,349.73,0.51,178.3611,15,3.75,train
28161,28170,2023-07-03 08:45:00+00:00,2023-07-03 11:00:00+00:00,down,M30,55.3,552.9,TP,552.86,515.16,0.36,185.4562,9,2.25,train
28385,28411,2023-07-05 21:15:00+00:00,2023-07-06 04:45:00+00:00,down,M30,74.7,747.4,KANALA_GERI_DONUS_ERKEN_CIKIS,-283.0,-320.7,0.26,-83.3822,26,6.5,train
28416,28424,2023-07-06 06:00:00+00:00,2023-07-06 08:00:00+00:00,down,M30,48.9,488.6,KANALA_GERI_DONUS_ERKEN_CIKIS,-93.0,-130.7,0.4,-52.2804,8,2.0,train
28436,28441,2023-07-06 11:00:00+00:00,2023-07-06 12:15:00+00:00,down,M30,53.0,530.0,KANALA_GERI_DONUS_ERKEN_CIKIS,-87.0,-124.7,0.37,-46.1393,5,1.25,train
28442,28445,2023-07-06 12:30:00+00:00,2023-07-06 13:15:00+00:00,down,M30,57.3,572.6,SL_FALSE_BREAKOUT,-133.02,-170.73,0.34,-58.0467,3,0.75,train
28453,28545,2023-07-06 15:15:00+00:00,2023-07-07 15:15:00+00:00,down,M30,120.1,1201.4,SL_FALSE_BREAKOUT,-971.89,-1009.59,0.16,-161.535,92,23.0,train
28638,28641,2023-07-10 15:30:00+00:00,2023-07-10 16:15:00+00:00,down,M30,81.0,810.3,SL_FALSE_BREAKOUT,-493.16,-530.86,0.24,-127.4066,3,0.75,train
28822,28827,2023-07-12 15:30:00+00:00,2023-07-12 16:45:00+00:00,up,M30,91.9,918.6,TP,918.57,880.87,0.21,184.9828,5,1.25,train
29888,29889,2023-07-28 06:00:00+00:00,2023-07-28 06:15:00+00:00,up,M30,62.1,620.6,SL_FALSE_BREAKOUT,-205.0,-242.7,0.32,-77.6647,1,0.25,train
29891,29894,2023-07-28 06:45:00+00:00,2023-07-28 07:30:00+00:00,up,M30,82.5,825.4,SL_FALSE_BREAKOUT,-276.11,-313.81,0.24,-75.3148,3,0.75,train
29917,29936,2023-07-28 13:15:00+00:00,2023-07-28 18:00:00+00:00,up,M30,80.5,804.6,TP,804.57,766.87,0.24,184.0489,19,4.75,train
29993,29995,2023-07-31 09:15:00+00:00,2023-07-31 09:45:00+00:00,up,M30,55.6,556.3,SL_FALSE_BREAKOUT,-231.18,-268.88,0.35,-94.1085,2,0.5,train
29997,29998,2023-07-31 10:15:00+00:00,2023-07-31 10:30:00+00:00,up,M30,60.1,600.9,SL_FALSE_BREAKOUT,-164.47,-202.17,0.33,-66.7163,1,0.25,train
30006,30018,2023-07-31 12:30:00+00:00,2023-07-31 15:30:00+00:00,up,M30,73.9,739.4,TP,739.43,701.73,0.27,189.4665,12,3.0,train
30089,30091,2023-08-01 10:15:00+00:00,2023-08-01 10:45:00+00:00,up,M30,62.5,624.9,SL_FALSE_BREAKOUT,-147.84,-185.54,0.32,-59.3724,2,0.5,train
30094,30101,2023-08-01 11:30:00+00:00,2023-08-01 13:15:00+00:00,up,M30,64.6,646.3,KANALA_GERI_DONUS_ERKEN_CIKIS,-118.0,-155.7,0.3,-46.7103,7,1.75,train
30218,30220,2023-08-02 19:30:00+00:00,2023-08-02 20:00:00+00:00,down,H1,115.3,1152.9,KANALA_GERI_DONUS_ERKEN_CIKIS,-201.0,-238.7,0.17,-40.5792,2,0.5,train
30228,30244,2023-08-02 22:00:00+00:00,2023-08-03 03:00:00+00:00,down,H1,63.5,635.1,KANALA_GERI_DONUS_ERKEN_CIKIS,-125.0,-162.7,0.31,-50.4373,16,4.0,train
30246,30249,2023-08-03 03:30:00+00:00,2023-08-03 04:15:00+00:00,down,H1,32.0,319.7,SL_FALSE_BREAKOUT,-83.15,-120.85,0.62,-74.9283,3,0.75,train
30262,30274,2023-08-03 07:30:00+00:00,2023-08-03 10:30:00+00:00,down,H1,59.5,594.6,SL_FALSE_BREAKOUT,-232.45,-270.15,0.33,-89.1496,12,3.0,train
30286,30289,2023-08-03 13:30:00+00:00,2023-08-03 14:15:00+00:00,down,H1,82.0,820.0,SL_FALSE_BREAKOUT,-263.71,-301.41,0.24,-72.3388,3,0.75,train
30292,30294,2023-08-03 15:00:00+00:00,2023-08-03 15:30:00+00:00,down,H1,79.8,798.0,SL_FALSE_BREAKOUT,-260.44,-298.14,0.25,-74.5354,2,0.5,train
30295,30298,2023-08-03 15:45:00+00:00,2023-08-03 16:30:00+00:00,down,H1,121.1,1211.1,SL_FALSE_BREAKOUT,-392.22,-429.92,0.16,-68.7873,3,0.75,train
30299,30300,2023-08-03 16:45:00+00:00,2023-08-03 17:00:00+00:00,down,H1,153.2,1532.0,SL_FALSE_BREAKOUT,-473.26,-510.96,0.13,-66.4247,1,0.25,train
30307,30310,2023-08-03 18:45:00+00:00,2023-08-03 19:30:00+00:00,down,H1,161.9,1618.6,KANALA_GERI_DONUS_ERKEN_CIKIS,-243.0,-280.7,0.12,-33.6841,3,0.75,train
30313,30329,2023-08-03 20:15:00+00:00,2023-08-04 01:15:00+00:00,down,H1,93.1,931.4,SL_FALSE_BREAKOUT,-268.04,-305.74,0.21,-64.205,16,4.0,train
30353,30355,2023-08-04 07:15:00+00:00,2023-08-04 07:45:00+00:00,down,H1,62.7,626.9,SL_FALSE_BREAKOUT,-170.06,-207.77,0.31,-64.4073,2,0.5,train
30361,30386,2023-08-04 09:15:00+00:00,2023-08-04 15:30:00+00:00,down,H1,62.0,619.7,SL_FALSE_BREAKOUT,-140.26,-177.96,0.32,-56.9464,25,6.25,train
30568,30570,2023-08-08 15:00:00+00:00,2023-08-08 15:30:00+00:00,down,H1,87.0,869.7,SL_FALSE_BREAKOUT,-382.99,-420.69,0.22,-92.5514,2,0.5,train
30573,30577,2023-08-08 16:15:00+00:00,2023-08-08 17:15:00+00:00,down,H1,120.1,1200.9,SL_FALSE_BREAKOUT,-459.54,-497.24,0.16,-79.559,4,1.0,train
30581,30617,2023-08-08 18:15:00+00:00,2023-08-09 04:15:00+00:00,down,H1,150.7,1506.6,KANALA_GERI_DONUS_ERKEN_CIKIS,-135.0,-172.7,0.13,-22.4511,36,9.0,train
30651,30670,2023-08-09 12:45:00+00:00,2023-08-09 17:30:00+00:00,down,H1,53.5,535.1,TP,535.14,497.44,0.37,184.0535,19,4.75,train
30671,30713,2023-08-09 17:45:00+00:00,2023-08-10 05:15:00+00:00,down,M30,127.1,1271.1,KANALA_GERI_DONUS_ERKEN_CIKIS,-181.0,-218.7,0.15,-32.8051,42,10.5,train
30714,30732,2023-08-10 05:30:00+00:00,2023-08-10 10:00:00+00:00,down,M30,43.5,434.9,SL_FALSE_BREAKOUT,-159.9,-197.6,0.45,-88.9196,18,4.5,train
30756,30763,2023-08-10 16:00:00+00:00,2023-08-10 17:45:00+00:00,down,H1,87.2,872.0,TP,872.0,834.3,0.22,183.5458,7,1.75,train
30773,30831,2023-08-10 20:15:00+00:00,2023-08-11 11:45:00+00:00,down,M30,105.2,1052.3,KANALA_GERI_DONUS_ERKEN_CIKIS,-269.0,-306.7,0.19,-58.2732,58,14.5,train
30833,30843,2023-08-11 12:15:00+00:00,2023-08-11 14:45:00+00:00,down,M30,54.2,542.0,KANALA_GERI_DONUS_ERKEN_CIKIS,-153.0,-190.7,0.36,-68.6523,10,2.5,train
30846,30852,2023-08-11 15:30:00+00:00,2023-08-11 17:00:00+00:00,down,M30,58.9,589.4,SL_FALSE_BREAKOUT,-430.14,-467.84,0.33,-154.3864,6,1.5,train
30857,30942,2023-08-11 18:15:00+00:00,2023-08-14 16:30:00+00:00,down,M30,119.1,1190.6,TP,1190.57,1152.87,0.16,184.4593,85,21.25,train
31583,31585,2023-08-23 15:45:00+00:00,2023-08-23 16:15:00+00:00,down,H1,78.9,788.9,SL_FALSE_BREAKOUT,-363.49,-401.19,0.25,-100.298,2,0.5,train
31588,31596,2023-08-23 17:00:00+00:00,2023-08-23 19:00:00+00:00,down,M30,136.9,1368.9,KANALA_GERI_DONUS_ERKEN_CIKIS,-257.0,-294.7,0.14,-41.2581,8,2.0,train
31603,31632,2023-08-23 20:45:00+00:00,2023-08-24 05:00:00+00:00,down,M30,61.2,612.0,SL_FALSE_BREAKOUT,-158.51,-196.21,0.32,-62.787,29,7.25,train
31669,31674,2023-08-24 14:15:00+00:00,2023-08-24 15:30:00+00:00,down,M30,51.6,515.7,TP,515.71,478.01,0.38,181.6451,5,1.25,train
31681,31682,2023-08-24 17:15:00+00:00,2023-08-24 17:30:00+00:00,down,M30,95.2,952.3,SL_FALSE_BREAKOUT,-232.41,-270.11,0.21,-56.7223,1,0.25,train
31692,31693,2023-08-24 20:00:00+00:00,2023-08-24 20:15:00+00:00,down,M30,83.7,837.1,KANALA_GERI_DONUS_ERKEN_CIKIS,-148.0,-185.7,0.23,-42.7112,1,0.25,train
31694,31764,2023-08-24 20:30:00+00:00,2023-08-25 15:00:00+00:00,down,M30,78.0,780.0,SL_FALSE_BREAKOUT,-228.16,-265.86,0.25,-66.4642,70,17.5,train
31766,31772,2023-08-25 15:30:00+00:00,2023-08-25 17:00:00+00:00,down,M30,58.1,580.9,SL_FALSE_BREAKOUT,-254.12,-291.82,0.34,-99.2189,6,1.5,train
31773,31865,2023-08-25 17:15:00+00:00,2023-08-28 17:15:00+00:00,down,M30,131.1,1311.4,KANALA_GERI_DONUS_ERKEN_CIKIS,-824.0,-861.7,0.15,-129.2551,92,23.0,train
31946,31954,2023-08-29 14:30:00+00:00,2023-08-29 16:30:00+00:00,down,M30,46.8,468.3,SL_FALSE_BREAKOUT,-114.25,-151.95,0.42,-63.8201,8,2.0,train
31960,32015,2023-08-29 18:00:00+00:00,2023-08-30 08:45:00+00:00,up,M30,128.1,1280.9,KANALA_GERI_DONUS_ERKEN_CIKIS,25.0,-12.7,0.15,-1.9051,55,13.75,train
32017,32019,2023-08-30 09:15:00+00:00,2023-08-30 09:45:00+00:00,up,M30,34.2,342.3,SL_FALSE_BREAKOUT,-91.69,-129.39,0.58,-75.0468,2,0.5,train
32029,32033,2023-08-30 12:15:00+00:00,2023-08-30 13:15:00+00:00,up,M30,49.2,492.3,KANALA_GERI_DONUS_ERKEN_CIKIS,-169.0,-206.7,0.4,-82.6804,4,1.0,train
32037,32042,2023-08-30 14:15:00+00:00,2023-08-30 15:30:00+00:00,up,M30,45.9,458.9,TP,458.86,421.16,0.43,181.0972,5,1.25,train
32112,32115,2023-08-31 10:00:00+00:00,2023-08-31 10:45:00+00:00,up,M30,38.7,386.6,KANALA_GERI_DONUS_ERKEN_CIKIS,-33.0,-70.7,0.51,-36.0575,3,0.75,train
32500,32509,2023-09-06 17:30:00+00:00,2023-09-06 19:45:00+00:00,down,M30,118.9,1188.9,SL_FALSE_BREAKOUT,-333.06,-370.76,0.16,-59.321,9,2.25,train
32513,32541,2023-09-06 20:45:00+00:00,2023-09-07 04:45:00+00:00,down,M30,70.7,707.1,SL_FALSE_BREAKOUT,-198.86,-236.56,0.28,-66.2378,28,7.0,train
32542,32544,2023-09-07 05:00:00+00:00,2023-09-07 05:30:00+00:00,down,M30,32.3,323.1,KANALA_GERI_DONUS_ERKEN_CIKIS,-51.0,-88.7,0.61,-54.1076,2,0.5,train
32552,32553,2023-09-07 07:30:00+00:00,2023-09-07 07:45:00+00:00,down,M30,39.2,392.3,SL_FALSE_BREAKOUT,-92.31,-130.01,0.5,-65.0044,1,0.25,train
32557,32558,2023-09-07 08:45:00+00:00,2023-09-07 09:00:00+00:00,down,M30,39.6,396.3,SL_FALSE_BREAKOUT,-178.7,-216.4,0.5,-108.2004,1,0.25,train
32562,32570,2023-09-07 10:00:00+00:00,2023-09-07 12:00:00+00:00,down,M30,44.5,444.6,SL_FALSE_BREAKOUT,-129.52,-167.22,0.44,-73.5774,8,2.0,train
32591,32592,2023-09-07 17:15:00+00:00,2023-09-07 17:30:00+00:00,down,M30,92.2,922.0,SL_FALSE_BREAKOUT,-215.22,-252.92,0.21,-53.1127,1,0.25,train
32602,32606,2023-09-07 20:00:00+00:00,2023-09-07 21:00:00+00:00,down,M30,73.0,730.0,KANALA_GERI_DONUS_ERKEN_CIKIS,-148.0,-185.7,0.27,-50.1393,4,1.0,train
32703,32704,2023-09-08 22:15:00+00:00,2023-09-08 22:30:00+00:00,down,M30,37.2,371.7,KANALA_GERI_DONUS_ERKEN_CIKIS,-63.0,-100.7,0.53,-53.3715,1,0.25,train
32711,32716,2023-09-11 01:15:00+00:00,2023-09-11 02:30:00+00:00,down,M30,28.7,286.6,SL_FALSE_BREAKOUT,-74.16,-111.86,0.69,-77.1837,5,1.25,train
32852,32856,2023-09-12 13:30:00+00:00,2023-09-12 14:30:00+00:00,down,M30,45.3,452.9,TP,452.86,415.16,0.44,182.6687,4,1.0,train
33114,33132,2023-09-15 10:00:00+00:00,2023-09-15 14:30:00+00:00,down,M30,50.1,501.1,SL_FALSE_BREAKOUT,-318.94,-356.64,0.39,-139.0912,18,4.5,train
33134,33138,2023-09-15 15:00:00+00:00,2023-09-15 16:00:00+00:00,down,M30,46.6,465.7,SL_FALSE_BREAKOUT,-108.37,-146.07,0.42,-61.3491,4,1.0,train
33257,33287,2023-09-18 22:45:00+00:00,2023-09-19 07:15:00+00:00,up,M30,38.7,386.6,KANALA_GERI_DONUS_ERKEN_CIKIS,-134.0,-171.7,0.51,-87.5675,30,7.5,train
33300,33326,2023-09-19 10:30:00+00:00,2023-09-19 17:00:00+00:00,up,M30,41.6,416.0,KANALA_GERI_DONUS_ERKEN_CIKIS,-212.0,-249.7,0.48,-119.8564,26,6.5,train
33328,33336,2023-09-19 17:30:00+00:00,2023-09-19 19:30:00+00:00,up,M30,81.6,816.3,SL_FALSE_BREAKOUT,-358.38,-396.08,0.24,-95.0591,8,2.0,train
33410,33411,2023-09-20 15:00:00+00:00,2023-09-20 15:15:00+00:00,up,M30,41.8,418.3,SL_FALSE_BREAKOUT,-127.01,-164.71,0.47,-77.4149,1,0.25,train
33415,33416,2023-09-20 16:15:00+00:00,2023-09-20 16:30:00+00:00,up,M30,49.7,497.4,TP,497.43,459.73,0.4,183.8911,1,0.25,train
33503,33510,2023-09-21 15:15:00+00:00,2023-09-21 17:00:00+00:00,down,M30,63.9,638.9,SL_FALSE_BREAKOUT,-158.76,-196.46,0.31,-60.9014,7,1.75,train
33518,33521,2023-09-21 19:00:00+00:00,2023-09-21 19:45:00+00:00,down,M30,117.7,1177.1,KANALA_GERI_DONUS_ERKEN_CIKIS,-248.0,-285.7,0.16,-45.7121,3,0.75,train
33695,33780,2023-09-25 17:15:00+00:00,2023-09-26 15:30:00+00:00,down,M30,89.5,894.9,TP,894.86,857.16,0.22,188.5744,85,21.25,train
34075,34134,2023-09-29 20:15:00+00:00,2023-10-02 12:00:00+00:00,down,H1,132.4,1323.7,TP,1323.71,1286.01,0.15,192.902,59,14.75,train
34975,34976,2023-10-13 15:15:00+00:00,2023-10-13 15:30:00+00:00,up,H1,135.5,1354.6,TP,1354.57,1316.87,0.14,184.3619,1,0.25,train
35012,35015,2023-10-16 01:30:00+00:00,2023-10-16 02:15:00+00:00,up,H1,91.8,918.0,SL_FALSE_BREAKOUT,-336.32,-374.02,0.21,-78.545,3,0.75,train
35016,35020,2023-10-16 02:30:00+00:00,2023-10-16 03:30:00+00:00,up,H1,107.3,1073.4,KANALA_GERI_DONUS_ERKEN_CIKIS,-182.0,-219.7,0.18,-39.5462,4,1.0,train
35041,35045,2023-10-16 08:45:00+00:00,2023-10-16 09:45:00+00:00,down,M30,56.3,562.9,TP,562.86,525.16,0.35,183.8047,4,1.0,train
35062,35067,2023-10-16 14:00:00+00:00,2023-10-16 15:15:00+00:00,down,M30,86.2,861.7,SL_FALSE_BREAKOUT,-286.19,-323.89,0.23,-74.4953,5,1.25,train
35071,35073,2023-10-16 16:15:00+00:00,2023-10-16 16:45:00+00:00,down,M30,111.4,1114.3,SL_FALSE_BREAKOUT,-266.43,-304.14,0.17,-51.703,2,0.5,train
35075,35078,2023-10-16 17:15:00+00:00,2023-10-16 18:00:00+00:00,down,M30,126.2,1262.0,SL_FALSE_BREAKOUT,-294.2,-331.9,0.15,-49.785,3,0.75,train
35112,35138,2023-10-17 03:30:00+00:00,2023-10-17 10:00:00+00:00,down,M30,54.3,542.9,SL_FALSE_BREAKOUT,-305.22,-342.92,0.36,-123.4512,26,6.5,train
35251,35252,2023-10-18 15:15:00+00:00,2023-10-18 15:30:00+00:00,up,H1,86.8,868.0,SL_FALSE_BREAKOUT,-200.13,-237.83,0.23,-54.701,1,0.25,train
35253,35256,2023-10-18 15:45:00+00:00,2023-10-18 16:30:00+00:00,up,H1,98.8,987.7,TP,987.71,950.01,0.2,190.0027,3,0.75,train
35270,35281,2023-10-18 20:00:00+00:00,2023-10-18 22:45:00+00:00,up,H1,170.1,1701.1,KANALA_GERI_DONUS_ERKEN_CIKIS,-323.0,-360.7,0.11,-39.6771,11,2.75,train
35361,35384,2023-10-19 19:45:00+00:00,2023-10-20 02:30:00+00:00,up,H1,173.9,1739.1,TP,1739.14,1701.44,0.11,187.1586,23,5.75,train
35391,35435,2023-10-20 04:15:00+00:00,2023-10-20 15:15:00+00:00,up,M30,125.0,1249.7,KANALA_GERI_DONUS_ERKEN_CIKIS,38.0,0.3,0.16,0.0479,44,11.0,train
35436,35442,2023-10-20 15:30:00+00:00,2023-10-20 17:00:00+00:00,up,M30,109.3,1093.1,TP,1093.14,1055.44,0.18,189.9795,6,1.5,train
35460,35470,2023-10-20 21:30:00+00:00,2023-10-23 01:00:00+00:00,up,M30,186.8,1867.7,SL_FALSE_BREAKOUT,-469.95,-507.66,0.1,-50.7656,10,2.5,train
37190,37210,2023-11-16 17:00:00+00:00,2023-11-16 22:00:00+00:00,up,M30,120.8,1208.0,KANALA_GERI_DONUS_ERKEN_CIKIS,-3.0,-40.7,0.16,-6.5121,20,5.0,train
37258,37268,2023-11-17 11:00:00+00:00,2023-11-17 13:30:00+00:00,up,H1,75.8,758.0,SL_FALSE_BREAKOUT,-402.49,-440.19,0.26,-114.4485,10,2.5,train
37271,37276,2023-11-17 14:15:00+00:00,2023-11-17 15:30:00+00:00,up,H1,83.4,834.3,SL_FALSE_BREAKOUT,-241.82,-279.52,0.23,-64.2901,5,1.25,train
37416,37441,2023-11-21 04:30:00+00:00,2023-11-21 10:45:00+00:00,up,H1,88.5,885.1,SL_FALSE_BREAKOUT,-361.44,-399.14,0.22,-87.8116,25,6.25,train
37458,37460,2023-11-21 15:00:00+00:00,2023-11-21 15:30:00+00:00,up,H1,74.8,748.0,TP,748.0,710.3,0.26,184.6778,2,0.5,train
37560,37566,2023-11-22 17:30:00+00:00,2023-11-22 19:00:00+00:00,up,H1,122.2,1221.7,SL_FALSE_BREAKOUT,-585.84,-623.54,0.16,-99.767,6,1.5,train
37570,37572,2023-11-22 20:00:00+00:00,2023-11-22 20:30:00+00:00,up,H1,120.9,1209.1,SL_FALSE_BREAKOUT,-331.51,-369.22,0.16,-59.0744,2,0.5,train
37587,37589,2023-11-23 01:15:00+00:00,2023-11-23 01:45:00+00:00,up,H1,39.9,399.4,KANALA_GERI_DONUS_ERKEN_CIKIS,-65.0,-102.7,0.5,-51.3505,2,0.5,train
37590,37604,2023-11-23 02:00:00+00:00,2023-11-23 05:30:00+00:00,up,H1,36.3,363.1,TP,363.14,325.44,0.55,178.9931,14,3.5,train
37658,37725,2023-11-23 19:00:00+00:00,2023-11-24 15:15:00+00:00,up,H1,51.6,516.0,TP,516.0,478.3,0.38,181.7536,67,16.75,train
38348,38350,2023-12-05 13:15:00+00:00,2023-12-05 13:45:00+00:00,down,M30,132.8,1327.7,KANALA_GERI_DONUS_ERKEN_CIKIS,-221.0,-258.7,0.15,-38.8051,2,0.5,train
38362,38363,2023-12-05 16:45:00+00:00,2023-12-05 17:00:00+00:00,down,M30,143.3,1433.4,SL_FALSE_BREAKOUT,-694.34,-732.04,0.13,-95.1657,1,0.25,train
38374,38379,2023-12-05 19:45:00+00:00,2023-12-05 21:00:00+00:00,down,M30,198.7,1987.1,KANALA_GERI_DONUS_ERKEN_CIKIS,-190.0,-227.7,0.1,-22.7701,5,1.25,train
38652,38685,2023-12-08 20:15:00+00:00,2023-12-11 05:30:00+00:00,up,H1,149.8,1497.7,KANALA_GERI_DONUS_ERKEN_CIKIS,-194.0,-231.7,0.13,-30.1211,33,8.25,train
38693,38702,2023-12-11 07:30:00+00:00,2023-12-11 09:45:00+00:00,up,H1,73.3,732.9,SL_FALSE_BREAKOUT,-277.61,-315.32,0.27,-85.1351,9,2.25,train
38931,38934,2023-12-13 21:00:00+00:00,2023-12-13 21:45:00+00:00,up,H1,134.0,1340.3,TP,1340.29,1302.58,0.14,182.3619,3,0.75,train
39281,39289,2023-12-19 16:30:00+00:00,2023-12-19 18:30:00+00:00,up,M30,95.1,950.9,TP,950.86,913.16,0.21,191.7628,8,2.0,train
39461,39463,2023-12-21 15:30:00+00:00,2023-12-21 16:00:00+00:00,up,M30,104.8,1047.7,SL_FALSE_BREAKOUT,-333.77,-371.47,0.19,-70.5797,2,0.5,train
39465,39467,2023-12-21 16:30:00+00:00,2023-12-21 17:00:00+00:00,up,M30,132.2,1322.0,SL_FALSE_BREAKOUT,-305.53,-343.23,0.15,-51.4851,2,0.5,train
39472,39478,2023-12-21 18:15:00+00:00,2023-12-21 19:45:00+00:00,up,M30,165.0,1649.7,KANALA_GERI_DONUS_ERKEN_CIKIS,-351.0,-388.7,0.12,-46.6441,6,1.5,train
39484,39497,2023-12-21 21:15:00+00:00,2023-12-22 01:30:00+00:00,up,M30,90.0,900.0,TP,900.0,862.3,0.22,189.7058,13,3.25,train
39595,39598,2023-12-26 03:00:00+00:00,2023-12-26 03:45:00+00:00,up,M30,56.3,562.6,TP,562.57,524.87,0.35,183.7047,3,0.75,train
39651,39674,2023-12-26 17:00:00+00:00,2023-12-26 22:45:00+00:00,up,M30,88.2,881.7,TP,881.71,844.01,0.22,185.6829,23,5.75,train
39911,39917,2023-12-29 13:00:00+00:00,2023-12-29 14:30:00+00:00,up,M30,79.1,791.4,KANALA_GERI_DONUS_ERKEN_CIKIS,-112.0,-149.7,0.25,-37.4252,6,1.5,train
39937,39939,2023-12-29 19:30:00+00:00,2023-12-29 20:00:00+00:00,up,M30,109.1,1090.9,SL_FALSE_BREAKOUT,-310.42,-348.12,0.18,-62.6616,2,0.5,train
39946,39948,2023-12-29 21:45:00+00:00,2023-12-29 22:15:00+00:00,up,M30,92.5,924.9,KANALA_GERI_DONUS_ERKEN_CIKIS,-154.0,-191.7,0.21,-40.2572,2,0.5,train
39997,39999,2024-01-02 11:30:00+00:00,2024-01-02 12:00:00+00:00,up,M30,85.5,854.6,SL_FALSE_BREAKOUT,-228.12,-265.82,0.23,-61.1397,2,0.5,train
40674,40678,2024-01-11 19:45:00+00:00,2024-01-11 20:45:00+00:00,down,M30,183.2,1832.0,KANALA_GERI_DONUS_ERKEN_CIKIS,-264.0,-301.7,0.1,-30.1701,4,1.0,train
41022,41056,2024-01-17 17:15:00+00:00,2024-01-18 02:45:00+00:00,down,M30,163.4,1634.3,KANALA_GERI_DONUS_ERKEN_CIKIS,-200.0,-237.7,0.12,-28.5241,34,8.5,train
41058,41060,2024-01-18 03:15:00+00:00,2024-01-18 03:45:00+00:00,down,M30,53.5,535.1,SL_FALSE_BREAKOUT,-132.78,-170.48,0.37,-63.0785,2,0.5,train
41063,41077,2024-01-18 04:30:00+00:00,2024-01-18 08:00:00+00:00,down,M30,59.2,592.3,SL_FALSE_BREAKOUT,-243.43,-281.13,0.33,-92.7734,14,3.5,train
41083,41084,2024-01-18 09:30:00+00:00,2024-01-18 09:45:00+00:00,up,H1,71.0,710.3,KANALA_GERI_DONUS_ERKEN_CIKIS,-114.0,-151.7,0.28,-42.4763,1,0.25,train
41101,41106,2024-01-18 14:00:00+00:00,2024-01-18 15:15:00+00:00,up,H1,73.6,736.3,SL_FALSE_BREAKOUT,-317.11,-354.82,0.27,-95.8001,5,1.25,train
41115,41174,2024-01-18 17:30:00+00:00,2024-01-19 09:15:00+00:00,up,H1,115.9,1159.4,TP,1159.43,1121.73,0.17,190.6937,59,14.75,train
41490,41495,2024-01-24 19:15:00+00:00,2024-01-24 20:30:00+00:00,up,H1,162.8,1628.0,KANALA_GERI_DONUS_ERKEN_CIKIS,-324.0,-361.7,0.12,-43.4041,5,1.25,train
41509,41518,2024-01-25 01:00:00+00:00,2024-01-25 03:15:00+00:00,up,H1,66.5,664.9,KANALA_GERI_DONUS_ERKEN_CIKIS,-145.0,-182.7,0.3,-54.8103,9,2.25,train
41519,41531,2024-01-25 03:30:00+00:00,2024-01-25 06:30:00+00:00,up,H1,59.5,595.1,KANALA_GERI_DONUS_ERKEN_CIKIS,-186.0,-223.7,0.33,-73.8213,12,3.0,train
41533,41535,2024-01-25 07:00:00+00:00,2024-01-25 07:30:00+00:00,up,H1,41.7,417.1,KANALA_GERI_DONUS_ERKEN_CIKIS,-115.0,-152.7,0.47,-71.7694,2,0.5,train
41540,41541,2024-01-25 08:45:00+00:00,2024-01-25 09:00:00+00:00,up,H1,39.7,397.4,SL_FALSE_BREAKOUT,-99.18,-136.88,0.5,-68.4398,1,0.25,train
41542,41545,2024-01-25 09:15:00+00:00,2024-01-25 10:00:00+00:00,up,H1,46.8,467.7,SL_FALSE_BREAKOUT,-172.39,-210.09,0.42,-88.2394,3,0.75,train
41551,41562,2024-01-25 11:30:00+00:00,2024-01-25 14:15:00+00:00,up,H1,72.0,720.3,SL_FALSE_BREAKOUT,-219.99,-257.69,0.27,-69.5754,11,2.75,train
41566,41567,2024-01-25 15:15:00+00:00,2024-01-25 15:30:00+00:00,up,H1,73.9,738.6,SL_FALSE_BREAKOUT,-237.71,-275.41,0.27,-74.3602,1,0.25,train
41586,41587,2024-01-25 20:15:00+00:00,2024-01-25 20:30:00+00:00,up,H1,107.7,1077.1,KANALA_GERI_DONUS_ERKEN_CIKIS,-218.0,-255.7,0.18,-46.0262,1,0.25,train
41590,41694,2024-01-25 21:15:00+00:00,2024-01-29 01:15:00+00:00,up,H1,99.7,997.4,TP,997.43,959.73,0.2,191.9455,104,26.0,train
41943,41957,2024-01-31 17:30:00+00:00,2024-01-31 21:00:00+00:00,up,M30,133.9,1339.1,SL_FALSE_BREAKOUT,-1216.91,-1254.62,0.14,-175.6461,14,3.5,train
41959,41961,2024-01-31 21:30:00+00:00,2024-01-31 22:00:00+00:00,up,M30,132.9,1328.9,SL_FALSE_BREAKOUT,-751.89,-789.59,0.15,-118.438,2,0.5,train
41981,41997,2024-02-01 04:00:00+00:00,2024-02-01 08:00:00+00:00,up,M30,73.5,734.6,KANALA_GERI_DONUS_ERKEN_CIKIS,-214.0,-251.7,0.27,-67.9593,16,4.0,train
42030,42033,2024-02-01 16:15:00+00:00,2024-02-01 17:00:00+00:00,up,M30,135.9,1359.4,SL_FALSE_BREAKOUT,-327.44,-365.14,0.14,-51.1201,3,0.75,train
42216,42217,2024-02-05 16:45:00+00:00,2024-02-05 17:00:00+00:00,up,H1,108.2,1082.0,SL_FALSE_BREAKOUT,-500.66,-538.37,0.18,-96.9057,1,0.25,train
42224,42309,2024-02-05 18:45:00+00:00,2024-02-06 17:00:00+00:00,up,H1,126.7,1266.6,TP,1266.57,1228.87,0.15,184.3306,85,21.25,train
42489,42491,2024-02-08 16:00:00+00:00,2024-02-08 16:30:00+00:00,up,H1,102.1,1020.9,TP,1020.86,983.16,0.19,186.7997,2,0.5,train
42593,42655,2024-02-09 19:00:00+00:00,2024-02-12 11:30:00+00:00,up,H1,118.9,1188.6,KANALA_GERI_DONUS_ERKEN_CIKIS,-176.0,-213.7,0.16,-34.1921,62,15.5,train
42669,42671,2024-02-12 15:00:00+00:00,2024-02-12 15:30:00+00:00,up,H1,52.2,522.3,SL_FALSE_BREAKOUT,-465.94,-503.64,0.38,-191.3846,2,0.5,train
42736,42752,2024-02-13 08:45:00+00:00,2024-02-13 12:45:00+00:00,up,H1,37.3,373.4,TP,373.43,335.73,0.53,177.9357,16,4.0,train
43200,43205,2024-02-20 12:15:00+00:00,2024-02-20 13:30:00+00:00,up,H1,62.1,620.9,KANALA_GERI_DONUS_ERKEN_CIKIS,-111.0,-148.7,0.32,-47.5843,5,1.25,train
43206,43238,2024-02-20 13:45:00+00:00,2024-02-20 21:45:00+00:00,up,H1,63.5,634.9,SL_FALSE_BREAKOUT,-206.55,-244.25,0.31,-75.7178,32,8.0,train
43259,43266,2024-02-21 04:00:00+00:00,2024-02-21 05:45:00+00:00,up,H1,37.3,373.4,TP,373.43,335.73,0.53,177.9357,7,1.75,train
43288,43314,2024-02-21 11:15:00+00:00,2024-02-21 17:45:00+00:00,up,H1,51.6,515.7,SL_FALSE_BREAKOUT,-253.62,-291.32,0.38,-110.7025,26,6.5,train
43347,43359,2024-02-22 03:00:00+00:00,2024-02-22 06:00:00+00:00,up,H1,43.5,435.4,SL_FALSE_BREAKOUT,-108.94,-146.64,0.45,-65.9897,12,3.0,train
43360,43374,2024-02-22 06:15:00+00:00,2024-02-22 09:45:00+00:00,up,H1,45.7,456.9,TP,456.86,419.16,0.43,180.2372,14,3.5,train
43397,43398,2024-02-22 15:30:00+00:00,2024-02-22 15:45:00+00:00,up,H1,72.9,728.6,SL_FALSE_BREAKOUT,-195.9,-233.6,0.27,-63.0723,1,0.25,train
43485,43488,2024-02-23 14:30:00+00:00,2024-02-23 15:15:00+00:00,up,H1,70.3,702.6,SL_FALSE_BREAKOUT,-175.84,-213.54,0.28,-59.7923,3,0.75,train
43498,43510,2024-02-23 17:45:00+00:00,2024-02-23 20:45:00+00:00,up,H1,103.6,1036.0,TP,1036.0,998.3,0.19,189.6768,12,3.0,train
43590,43591,2024-02-26 17:45:00+00:00,2024-02-26 18:00:00+00:00,up,H1,93.2,932.3,SL_FALSE_BREAKOUT,-223.26,-260.97,0.21,-54.8027,1,0.25,train
43599,43653,2024-02-26 20:00:00+00:00,2024-02-27 10:30:00+00:00,up,H1,79.1,791.1,TP,791.14,753.44,0.25,188.3605,54,13.5,train
43761,43765,2024-02-28 14:30:00+00:00,2024-02-28 15:30:00+00:00,up,H1,49.3,492.6,TP,492.57,454.87,0.4,181.9482,4,1.0,train
43853,43857,2024-02-29 14:30:00+00:00,2024-02-29 15:30:00+00:00,up,H1,54.4,544.0,TP,544.0,506.3,0.36,182.2677,4,1.0,train
44423,44426,2024-03-08 19:00:00+00:00,2024-03-08 19:45:00+00:00,up,M30,241.9,2418.6,SL_FALSE_BREAKOUT,-847.08,-884.78,0.08,-70.7824,3,0.75,train
48390,48409,2024-05-09 21:45:00+00:00,2024-05-10 03:30:00+00:00,up,M30,110.0,1099.7,TP,1099.71,1062.01,0.18,191.1624,19,4.75,train
48716,48727,2024-05-15 11:15:00+00:00,2024-05-15 14:00:00+00:00,up,M30,94.1,940.6,SL_FALSE_BREAKOUT,-449.11,-486.81,0.21,-102.2297,11,2.75,train
48733,48736,2024-05-15 15:30:00+00:00,2024-05-15 16:15:00+00:00,up,M30,154.5,1544.6,SL_FALSE_BREAKOUT,-1105.16,-1142.86,0.12,-137.143,3,0.75,train
48741,48919,2024-05-15 17:30:00+00:00,2024-05-17 16:00:00+00:00,up,M30,276.0,2759.7,TP,2759.71,2722.01,0.07,190.5409,178,44.5,train
49297,49468,2024-05-23 18:30:00+00:00,2024-05-27 15:15:00+00:00,down,M30,291.2,2911.7,KANALA_GERI_DONUS_ERKEN_CIKIS,-445.0,-482.7,0.06,-28.9621,171,42.75,train
49471,49472,2024-05-27 16:00:00+00:00,2024-05-27 16:15:00+00:00,down,M30,92.4,924.0,SL_FALSE_BREAKOUT,-217.69,-255.4,0.21,-53.633,1,0.25,train
49526,49548,2024-05-28 09:15:00+00:00,2024-05-28 14:45:00+00:00,down,M30,88.4,883.7,SL_FALSE_BREAKOUT,-500.68,-538.38,0.22,-118.4432,22,5.5,train
49629,49632,2024-05-29 12:00:00+00:00,2024-05-29 12:45:00+00:00,down,M30,127.3,1272.6,KANALA_GERI_DONUS_ERKEN_CIKIS,-324.0,-361.7,0.15,-54.2551,3,0.75,train
49637,49647,2024-05-29 14:00:00+00:00,2024-05-29 16:30:00+00:00,down,M30,121.9,1218.9,SL_FALSE_BREAKOUT,-298.54,-336.25,0.16,-53.7993,10,2.5,train
49653,49737,2024-05-29 18:00:00+00:00,2024-05-30 16:00:00+00:00,down,M30,199.4,1993.7,KANALA_GERI_DONUS_ERKEN_CIKIS,-391.0,-428.7,0.1,-42.8701,84,21.0,train
49749,49751,2024-05-30 19:00:00+00:00,2024-05-30 19:30:00+00:00,down,M30,148.5,1484.6,SL_FALSE_BREAKOUT,-418.28,-455.98,0.13,-59.2776,2,0.5,train
49758,49770,2024-05-30 21:15:00+00:00,2024-05-31 01:15:00+00:00,down,M30,111.9,1118.9,KANALA_GERI_DONUS_ERKEN_CIKIS,-152.0,-189.7,0.17,-32.2492,12,3.0,train
49789,49792,2024-05-31 06:00:00+00:00,2024-05-31 06:45:00+00:00,down,M30,97.1,971.1,KANALA_GERI_DONUS_ERKEN_CIKIS,-511.0,-548.7,0.2,-109.7402,3,0.75,train
49808,49812,2024-05-31 10:45:00+00:00,2024-05-31 11:45:00+00:00,down,M30,91.4,914.3,KANALA_GERI_DONUS_ERKEN_CIKIS,-287.0,-324.7,0.21,-68.1872,4,1.0,train
49816,49817,2024-05-31 12:45:00+00:00,2024-05-31 13:00:00+00:00,down,M30,81.7,817.4,KANALA_GERI_DONUS_ERKEN_CIKIS,-155.0,-192.7,0.24,-46.2482,1,0.25,train
49818,49819,2024-05-31 13:15:00+00:00,2024-05-31 13:30:00+00:00,down,M30,79.2,792.3,KANALA_GERI_DONUS_ERKEN_CIKIS,-105.0,-142.7,0.25,-35.6752,1,0.25,train
49833,49891,2024-05-31 17:00:00+00:00,2024-06-03 08:30:00+00:00,down,M30,192.2,1922.3,TP,1922.29,1884.58,0.1,188.4585,58,14.5,train
49993,50016,2024-06-04 11:00:00+00:00,2024-06-04 16:45:00+00:00,down,M30,108.8,1088.0,TP,1088.0,1050.3,0.18,189.0538,23,5.75,train
50070,50072,2024-06-05 07:15:00+00:00,2024-06-05 07:45:00+00:00,down,M30,87.2,872.0,KANALA_GERI_DONUS_ERKEN_CIKIS,-173.0,-210.7,0.22,-46.3542,2,0.5,train
50077,50103,2024-06-05 09:00:00+00:00,2024-06-05 15:30:00+00:00,down,M30,95.1,950.9,SL_FALSE_BREAKOUT,-512.02,-549.72,0.21,-115.4404,26,6.5,train
50287,50313,2024-06-07 15:30:00+00:00,2024-06-07 22:00:00+00:00,down,M30,224.7,2246.6,TP,2246.57,2208.87,0.08,176.7096,26,6.5,embargo
50569,50574,2024-06-12 17:00:00+00:00,2024-06-12 18:15:00+00:00,down,M30,222.6,2226.0,KANALA_GERI_DONUS_ERKEN_CIKIS,-355.0,-392.7,0.08,-31.4161,5,1.25,embargo
50585,50586,2024-06-12 21:00:00+00:00,2024-06-12 21:15:00+00:00,down,M30,171.8,1717.7,SL_FALSE_BREAKOUT,-495.17,-532.87,0.11,-58.616,1,0.25,embargo
50587,50651,2024-06-12 21:30:00+00:00,2024-06-13 14:30:00+00:00,down,M30,190.5,1905.1,TP,1905.14,1867.44,0.1,186.7442,64,16.0,embargo
50800,50804,2024-06-17 05:45:00+00:00,2024-06-17 06:45:00+00:00,down,M30,98.3,983.1,SL_FALSE_BREAKOUT,-242.84,-280.54,0.2,-56.1089,4,1.0,embargo
50809,50841,2024-06-17 08:00:00+00:00,2024-06-17 16:00:00+00:00,down,M30,85.1,851.4,SL_FALSE_BREAKOUT,-311.98,-349.68,0.23,-80.4262,32,8.0,embargo
50843,50846,2024-06-17 16:30:00+00:00,2024-06-17 17:15:00+00:00,down,M30,119.8,1198.0,SL_FALSE_BREAKOUT,-502.24,-539.94,0.16,-86.3898,3,0.75,embargo
50850,50883,2024-06-17 18:15:00+00:00,2024-06-18 03:30:00+00:00,down,M30,148.9,1488.6,SL_FALSE_BREAKOUT,-540.97,-578.68,0.13,-75.2278,33,8.25,embargo
50885,50889,2024-06-18 04:00:00+00:00,2024-06-18 05:00:00+00:00,down,M30,63.3,632.9,SL_FALSE_BREAKOUT,-189.06,-226.76,0.31,-70.2966,4,1.0,embargo
50901,50903,2024-06-18 08:00:00+00:00,2024-06-18 08:30:00+00:00,down,M30,71.2,712.3,SL_FALSE_BREAKOUT,-332.99,-370.69,0.28,-103.7944,2,0.5,embargo
50905,50914,2024-06-18 09:00:00+00:00,2024-06-18 11:15:00+00:00,down,M30,74.9,748.9,TP,748.86,711.16,0.26,184.9006,9,2.25,embargo
50932,50936,2024-06-18 15:45:00+00:00,2024-06-18 16:45:00+00:00,down,M30,147.1,1470.9,SL_FALSE_BREAKOUT,-1003.02,-1040.72,0.13,-135.2931,4,1.0,embargo
51077,51078,2024-06-20 08:30:00+00:00,2024-06-20 08:45:00+00:00,up,M30,79.4,793.7,SL_FALSE_BREAKOUT,-214.93,-252.63,0.25,-63.158,1,0.25,embargo
51080,51085,2024-06-20 09:15:00+00:00,2024-06-20 10:30:00+00:00,up,M30,87.2,871.7,KANALA_GERI_DONUS_ERKEN_CIKIS,-329.0,-366.7,0.22,-80.6742,5,1.25,embargo
51109,51114,2024-06-20 16:30:00+00:00,2024-06-20 17:45:00+00:00,up,M30,154.4,1543.7,TP,1543.71,1506.01,0.12,180.7216,5,1.25,embargo
51446,51449,2024-06-26 08:45:00+00:00,2024-06-26 09:30:00+00:00,down,M30,83.1,831.1,SL_FALSE_BREAKOUT,-245.75,-283.45,0.24,-68.0281,3,0.75,embargo
51464,51471,2024-06-26 13:15:00+00:00,2024-06-26 15:00:00+00:00,down,M30,115.8,1158.0,SL_FALSE_BREAKOUT,-621.05,-658.75,0.17,-111.9872,7,1.75,embargo
51474,51477,2024-06-26 15:45:00+00:00,2024-06-26 16:30:00+00:00,down,M30,144.5,1445.4,TP,1445.43,1407.73,0.13,183.0046,3,0.75,embargo
51553,51554,2024-06-27 12:30:00+00:00,2024-06-27 12:45:00+00:00,down,M30,100.9,1008.6,SL_FALSE_BREAKOUT,-273.6,-311.3,0.19,-59.1469,1,0.25,embargo
51937,51938,2024-07-03 16:30:00+00:00,2024-07-03 16:45:00+00:00,up,M30,159.9,1599.4,KANALA_GERI_DONUS_ERKEN_CIKIS,-240.0,-277.7,0.12,-33.3241,1,0.25,embargo
51939,51960,2024-07-03 17:00:00+00:00,2024-07-03 22:15:00+00:00,up,M30,176.6,1765.7,KANALA_GERI_DONUS_ERKEN_CIKIS,-789.0,-826.7,0.11,-90.9371,21,5.25,embargo
51968,51980,2024-07-04 01:15:00+00:00,2024-07-04 04:15:00+00:00,up,M30,53.4,533.7,TP,533.71,496.01,0.37,183.5249,12,3.0,embargo
52005,52046,2024-07-04 10:30:00+00:00,2024-07-04 20:45:00+00:00,up,M30,85.4,854.0,KANALA_GERI_DONUS_ERKEN_CIKIS,-109.0,-146.7,0.23,-33.7412,41,10.25,embargo
52052,52055,2024-07-05 01:45:00+00:00,2024-07-05 02:30:00+00:00,up,M30,46.6,465.7,KANALA_GERI_DONUS_ERKEN_CIKIS,-62.0,-99.7,0.42,-41.8744,3,0.75,embargo
52059,52067,2024-07-05 03:30:00+00:00,2024-07-05 05:30:00+00:00,up,M30,45.4,454.0,TP,454.0,416.3,0.44,183.1716,8,2.0,embargo
52239,52249,2024-07-09 02:30:00+00:00,2024-07-09 05:00:00+00:00,up,M30,40.3,402.6,SL_FALSE_BREAKOUT,-92.68,-130.38,0.49,-63.8862,10,2.5,embargo
52250,52270,2024-07-09 05:15:00+00:00,2024-07-09 10:15:00+00:00,up,M30,77.5,775.1,SL_FALSE_BREAKOUT,-338.93,-376.63,0.25,-94.157,20,5.0,embargo
52277,52285,2024-07-09 12:00:00+00:00,2024-07-09 14:00:00+00:00,up,M30,80.8,808.3,SL_FALSE_BREAKOUT,-275.76,-313.47,0.24,-75.2317,8,2.0,embargo
52294,52297,2024-07-09 16:15:00+00:00,2024-07-09 17:00:00+00:00,up,M30,110.9,1108.6,SL_FALSE_BREAKOUT,-344.23,-381.93,0.18,-68.7482,3,0.75,embargo
52314,52380,2024-07-09 21:15:00+00:00,2024-07-10 14:45:00+00:00,up,M30,137.7,1376.6,TP,1376.57,1338.87,0.14,187.4419,66,16.5,embargo
53388,53389,2024-07-25 13:45:00+00:00,2024-07-25 14:00:00+00:00,up,M30,147.5,1474.6,SL_FALSE_BREAKOUT,-454.83,-492.53,0.13,-64.0294,1,0.25,validation
53491,53521,2024-07-26 16:30:00+00:00,2024-07-29 01:00:00+00:00,up,M30,147.2,1472.0,TP,1472.0,1434.3,0.13,186.4589,30,7.5,validation
53607,53610,2024-07-29 22:30:00+00:00,2024-07-29 23:15:00+00:00,up,M30,115.1,1150.9,KANALA_GERI_DONUS_ERKEN_CIKIS,-182.0,-219.7,0.17,-37.3492,3,0.75,validation
53616,53618,2024-07-30 01:45:00+00:00,2024-07-30 02:15:00+00:00,up,M30,75.2,752.3,SL_FALSE_BREAKOUT,-181.97,-219.67,0.26,-57.1149,2,0.5,validation
53635,53675,2024-07-30 06:30:00+00:00,2024-07-30 16:30:00+00:00,up,M30,108.8,1087.7,TP,1087.71,1050.01,0.18,189.0024,40,10.0,validation
53685,53689,2024-07-30 19:00:00+00:00,2024-07-30 20:00:00+00:00,up,M30,179.7,1797.4,TP,1797.43,1759.73,0.11,193.57,4,1.0,validation
54048,54138,2024-08-05 17:45:00+00:00,2024-08-06 17:15:00+00:00,up,M30,409.7,4096.9,KANALA_GERI_DONUS_ERKEN_CIKIS,-614.0,-651.7,0.04,-26.068,90,22.5,validation
54154,54157,2024-08-06 21:15:00+00:00,2024-08-06 22:00:00+00:00,up,M30,161.9,1619.1,KANALA_GERI_DONUS_ERKEN_CIKIS,-329.0,-366.7,0.12,-44.0041,3,0.75,validation
54193,54196,2024-08-07 08:00:00+00:00,2024-08-07 08:45:00+00:00,up,M30,131.4,1313.7,SL_FALSE_BREAKOUT,-522.36,-560.06,0.15,-84.0095,3,0.75,validation
54198,54203,2024-08-07 09:15:00+00:00,2024-08-07 10:30:00+00:00,up,M30,132.5,1324.6,SL_FALSE_BREAKOUT,-657.99,-695.69,0.15,-104.3535,5,1.25,validation
54209,54242,2024-08-07 12:00:00+00:00,2024-08-07 20:15:00+00:00,up,M30,123.1,1231.4,KANALA_GERI_DONUS_ERKEN_CIKIS,-332.0,-369.7,0.16,-59.1521,33,8.25,validation
54280,54308,2024-08-08 06:45:00+00:00,2024-08-08 13:45:00+00:00,up,M30,116.9,1169.1,TP,1169.14,1131.44,0.17,192.3451,28,7.0,validation
55966,55973,2024-09-03 16:45:00+00:00,2024-09-03 18:30:00+00:00,down,M30,250.2,2502.3,KANALA_GERI_DONUS_ERKEN_CIKIS,-470.0,-507.7,0.07,-35.5391,7,1.75,validation
56037,56042,2024-09-04 11:30:00+00:00,2024-09-04 12:45:00+00:00,down,M30,129.8,1298.0,SL_FALSE_BREAKOUT,-468.8,-506.5,0.15,-75.9751,5,1.25,validation
59937,59951,2024-11-01 19:30:00+00:00,2024-11-04 01:00:00+00:00,down,M30,201.4,2013.7,KANALA_GERI_DONUS_ERKEN_CIKIS,-109.0,-146.7,0.09,-13.2031,14,3.5,validation
67391,67392,2025-02-28 06:15:00+00:00,2025-02-28 06:30:00+00:00,down,M30,201.4,2014.3,KANALA_GERI_DONUS_ERKEN_CIKIS,-327.0,-364.7,0.09,-32.8231,1,0.25,validation
67403,67414,2025-02-28 09:15:00+00:00,2025-02-28 12:00:00+00:00,down,M30,147.3,1472.6,SL_FALSE_BREAKOUT,-504.67,-542.37,0.13,-70.5076,11,2.75,validation
67424,67430,2025-02-28 14:30:00+00:00,2025-02-28 16:00:00+00:00,down,M30,129.9,1298.9,TP,1298.86,1261.16,0.15,189.1734,6,1.5,validation
67499,67500,2025-03-03 10:15:00+00:00,2025-03-03 10:30:00+00:00,down,M30,120.8,1208.3,SL_FALSE_BREAKOUT,-361.83,-399.53,0.16,-63.9252,1,0.25,validation
69739,69762,2025-04-04 18:15:00+00:00,2025-04-07 01:00:00+00:00,down,M30,716.0,7159.7,KANALA_GERI_DONUS_ERKEN_CIKIS,-511.0,-548.7,0.02,-10.974,23,5.75,validation
69763,69770,2025-04-07 01:15:00+00:00,2025-04-07 03:00:00+00:00,down,M30,435.7,4357.1,TP,4357.14,4319.44,0.04,172.7777,7,1.75,validation
69824,69826,2025-04-07 16:30:00+00:00,2025-04-07 17:00:00+00:00,down,M30,392.2,3921.7,SL_FALSE_BREAKOUT,-1285.96,-1323.66,0.05,-66.1829,2,0.5,validation
69827,69887,2025-04-07 17:15:00+00:00,2025-04-08 09:15:00+00:00,down,M30,540.4,5404.0,KANALA_GERI_DONUS_ERKEN_CIKIS,-302.0,-339.7,0.03,-10.191,60,15.0,validation
69892,69895,2025-04-08 10:30:00+00:00,2025-04-08 11:15:00+00:00,down,M30,239.0,2389.7,KANALA_GERI_DONUS_ERKEN_CIKIS,-574.0,-611.7,0.08,-48.9361,3,0.75,validation
69898,69903,2025-04-08 12:00:00+00:00,2025-04-08 13:15:00+00:00,down,M30,224.6,2246.0,KANALA_GERI_DONUS_ERKEN_CIKIS,-484.0,-521.7,0.08,-41.7361,5,1.25,validation
69913,69914,2025-04-08 15:45:00+00:00,2025-04-08 16:00:00+00:00,down,M30,248.5,2484.9,SL_FALSE_BREAKOUT,-665.54,-703.24,0.08,-56.2589,1,0.25,validation
69926,69961,2025-04-08 19:00:00+00:00,2025-04-09 04:45:00+00:00,down,M30,338.7,3387.4,SL_FALSE_BREAKOUT,-952.49,-990.19,0.05,-49.5093,35,8.75,validation
70608,70614,2025-04-21 05:30:00+00:00,2025-04-21 07:00:00+00:00,up,H1,281.9,2818.9,SL_FALSE_BREAKOUT,-655.36,-693.06,0.07,-48.514,6,1.5,validation
70618,70645,2025-04-21 08:00:00+00:00,2025-04-21 14:45:00+00:00,up,H1,217.3,2173.4,TP,2173.43,2135.73,0.09,192.2155,27,6.75,validation
70759,70763,2025-04-22 20:15:00+00:00,2025-04-22 21:15:00+00:00,up,H1,603.1,6031.4,KANALA_GERI_DONUS_ERKEN_CIKIS,-1883.0,-1920.7,0.03,-57.621,4,1.0,validation
71336,71381,2025-05-01 03:30:00+00:00,2025-05-01 14:45:00+00:00,down,M30,408.3,4083.1,TP,4083.14,4045.44,0.04,161.8177,45,11.25,validation
71478,71479,2025-05-02 16:00:00+00:00,2025-05-02 16:15:00+00:00,down,M30,252.7,2527.4,SL_FALSE_BREAKOUT,-1002.29,-1040.0,0.07,-72.7997,1,0.25,validation
71488,71516,2025-05-02 18:30:00+00:00,2025-05-05 02:30:00+00:00,down,M30,442.2,4422.0,KANALA_GERI_DONUS_ERKEN_CIKIS,-1241.0,-1278.7,0.04,-51.148,28,7.0,validation
71520,71521,2025-05-05 03:30:00+00:00,2025-05-05 03:45:00+00:00,down,M30,175.9,1759.4,SL_FALSE_BREAKOUT,-550.98,-588.68,0.11,-64.7546,1,0.25,validation
72008,72012,2025-05-12 10:30:00+00:00,2025-05-12 11:30:00+00:00,down,M30,402.5,4025.1,KANALA_GERI_DONUS_ERKEN_CIKIS,-1238.0,-1275.7,0.04,-51.028,4,1.0,validation
72016,72028,2025-05-12 12:30:00+00:00,2025-05-12 15:30:00+00:00,down,M30,476.6,4766.0,KANALA_GERI_DONUS_ERKEN_CIKIS,-954.0,-991.7,0.04,-39.668,12,3.0,validation
72045,72054,2025-05-12 19:45:00+00:00,2025-05-12 22:00:00+00:00,down,M30,309.7,3096.6,SL_FALSE_BREAKOUT,-962.16,-999.86,0.06,-59.9915,9,2.25,validation
72076,72080,2025-05-13 04:30:00+00:00,2025-05-13 05:30:00+00:00,down,M30,241.7,2416.9,SL_FALSE_BREAKOUT,-1506.17,-1543.87,0.08,-123.5096,4,1.0,validation
72181,72184,2025-05-14 07:45:00+00:00,2025-05-14 08:30:00+00:00,down,M30,240.4,2404.3,KANALA_GERI_DONUS_ERKEN_CIKIS,-464.0,-501.7,0.08,-40.1361,3,0.75,validation
72209,72213,2025-05-14 14:45:00+00:00,2025-05-14 15:45:00+00:00,down,M30,212.9,2129.1,TP,2129.14,2091.44,0.09,188.2298,4,1.0,validation
72276,72280,2025-05-15 08:30:00+00:00,2025-05-15 09:30:00+00:00,down,H1,274.5,2744.9,SL_FALSE_BREAKOUT,-1151.29,-1188.99,0.07,-83.2293,4,1.0,validation
72284,72285,2025-05-15 10:30:00+00:00,2025-05-15 10:45:00+00:00,down,H1,371.9,3718.6,KANALA_GERI_DONUS_ERKEN_CIKIS,-1009.0,-1046.7,0.05,-52.335,1,0.25,validation
72324,72326,2025-05-15 20:30:00+00:00,2025-05-15 21:00:00+00:00,down,M30,226.4,2264.3,KANALA_GERI_DONUS_ERKEN_CIKIS,-745.0,-782.7,0.08,-62.6161,2,0.5,validation
72357,72370,2025-05-16 05:45:00+00:00,2025-05-16 09:00:00+00:00,down,M30,312.2,3122.3,SL_FALSE_BREAKOUT,-1150.45,-1188.15,0.06,-71.2892,13,3.25,validation
72371,72389,2025-05-16 09:15:00+00:00,2025-05-16 13:45:00+00:00,down,M30,281.1,2811.4,TP,2811.43,2773.73,0.07,194.1609,18,4.5,validation
72453,72458,2025-05-19 06:45:00+00:00,2025-05-19 08:00:00+00:00,down,M30,344.5,3445.1,SL_FALSE_BREAKOUT,-894.57,-932.27,0.05,-46.6133,5,1.25,validation
72539,72549,2025-05-20 05:15:00+00:00,2025-05-20 07:45:00+00:00,down,M30,224.0,2239.7,KANALA_GERI_DONUS_ERKEN_CIKIS,-625.0,-662.7,0.08,-53.0161,10,2.5,validation
72552,72554,2025-05-20 08:30:00+00:00,2025-05-20 09:00:00+00:00,down,M30,204.0,2040.3,SL_FALSE_BREAKOUT,-603.2,-640.9,0.09,-57.6812,2,0.5,validation
72556,72559,2025-05-20 09:30:00+00:00,2025-05-20 10:15:00+00:00,down,M30,202.3,2022.9,KANALA_GERI_DONUS_ERKEN_CIKIS,-591.0,-628.7,0.09,-56.5831,3,0.75,validation
77242,77261,2025-07-30 17:00:00+00:00,2025-07-30 21:45:00+00:00,down,H1,246.3,2462.9,TP,2462.86,2425.16,0.08,194.0125,19,4.75,validation
77377,77378,2025-08-01 04:45:00+00:00,2025-08-01 05:00:00+00:00,down,M30,153.1,1531.4,SL_FALSE_BREAKOUT,-586.55,-624.26,0.13,-81.1532,1,0.25,validation
80140,80141,2025-09-12 08:00:00+00:00,2025-09-12 08:15:00+00:00,up,M30,119.0,1190.3,KANALA_GERI_DONUS_ERKEN_CIKIS,-311.0,-348.7,0.16,-55.7921,1,0.25,embargo
81655,81656,2025-10-06 18:45:00+00:00,2025-10-06 19:00:00+00:00,up,H1,336.4,3363.7,SL_FALSE_BREAKOUT,-940.2,-977.9,0.05,-48.8951,1,0.25,test
81668,81689,2025-10-06 22:00:00+00:00,2025-10-07 04:15:00+00:00,up,H1,254.2,2542.0,KANALA_GERI_DONUS_ERKEN_CIKIS,-276.0,-313.7,0.07,-21.9591,21,5.25,test
81693,81706,2025-10-07 05:15:00+00:00,2025-10-07 08:30:00+00:00,up,H1,226.1,2260.9,KANALA_GERI_DONUS_ERKEN_CIKIS,-337.0,-374.7,0.08,-29.9761,13,3.25,test
81707,81710,2025-10-07 08:45:00+00:00,2025-10-07 09:30:00+00:00,up,H1,227.6,2276.3,SL_FALSE_BREAKOUT,-528.82,-566.52,0.08,-45.3218,3,0.75,test
81731,81745,2025-10-07 14:45:00+00:00,2025-10-07 18:15:00+00:00,up,H1,216.2,2162.0,TP,2162.0,2124.3,0.09,191.1869,14,3.5,test
81750,81792,2025-10-07 19:30:00+00:00,2025-10-08 07:00:00+00:00,up,H1,402.8,4027.7,TP,4027.71,3990.01,0.04,159.6005,42,10.5,test
81815,81818,2025-10-08 12:45:00+00:00,2025-10-08 13:30:00+00:00,up,M30,241.0,2410.0,SL_FALSE_BREAKOUT,-1180.46,-1218.16,0.08,-97.4529,3,0.75,test
81824,81825,2025-10-08 15:00:00+00:00,2025-10-08 15:15:00+00:00,up,M30,242.5,2424.6,SL_FALSE_BREAKOUT,-634.86,-672.56,0.08,-53.8046,1,0.25,test
81828,81829,2025-10-08 16:00:00+00:00,2025-10-08 16:15:00+00:00,up,M30,284.8,2848.0,SL_FALSE_BREAKOUT,-696.84,-734.54,0.07,-51.4179,1,0.25,test
81835,81836,2025-10-08 17:45:00+00:00,2025-10-08 18:00:00+00:00,up,M30,354.9,3549.4,SL_FALSE_BREAKOUT,-878.6,-916.3,0.05,-45.8152,1,0.25,test
81840,81848,2025-10-08 19:00:00+00:00,2025-10-08 21:00:00+00:00,up,M30,358.8,3588.3,KANALA_GERI_DONUS_ERKEN_CIKIS,-1286.0,-1323.7,0.05,-66.185,8,2.0,test
81851,81852,2025-10-08 21:45:00+00:00,2025-10-08 22:00:00+00:00,up,M30,253.4,2533.7,SL_FALSE_BREAKOUT,-709.59,-747.29,0.07,-52.3105,1,0.25,test
81961,81964,2025-10-10 03:15:00+00:00,2025-10-10 04:00:00+00:00,up,H1,298.6,2985.7,SL_FALSE_BREAKOUT,-754.74,-792.44,0.06,-47.5466,3,0.75,test
81996,82007,2025-10-10 12:00:00+00:00,2025-10-10 14:45:00+00:00,up,H1,346.8,3467.7,SL_FALSE_BREAKOUT,-1359.04,-1396.75,0.05,-69.8373,11,2.75,test
82020,82024,2025-10-10 18:00:00+00:00,2025-10-10 19:00:00+00:00,up,H1,444.2,4441.7,SL_FALSE_BREAKOUT,-2101.17,-2138.87,0.04,-85.5549,4,1.0,test
82033,82048,2025-10-10 21:15:00+00:00,2025-10-13 02:00:00+00:00,up,H1,520.5,5205.4,TP,5205.43,5167.73,0.03,155.0318,15,3.75,test
82142,82145,2025-10-14 02:30:00+00:00,2025-10-14 03:15:00+00:00,up,M30,224.8,2248.3,SL_FALSE_BREAKOUT,-863.39,-901.09,0.08,-72.0872,3,0.75,test
82148,82160,2025-10-14 04:00:00+00:00,2025-10-14 07:00:00+00:00,up,M30,282.0,2819.7,TP,2819.71,2782.01,0.07,194.7409,12,3.0,test
82176,82183,2025-10-14 11:00:00+00:00,2025-10-14 12:45:00+00:00,up,M30,766.0,7660.0,KANALA_GERI_DONUS_ERKEN_CIKIS,-1330.0,-1367.7,0.02,-27.354,7,1.75,test
82185,82193,2025-10-14 13:15:00+00:00,2025-10-14 15:15:00+00:00,up,M30,431.6,4315.7,SL_FALSE_BREAKOUT,-1533.51,-1571.21,0.04,-62.8485,8,2.0,test
82204,82208,2025-10-14 18:00:00+00:00,2025-10-14 19:00:00+00:00,up,M30,518.0,5180.0,KANALA_GERI_DONUS_ERKEN_CIKIS,-1013.0,-1050.7,0.03,-31.521,4,1.0,test
82210,82257,2025-10-14 19:30:00+00:00,2025-10-15 08:15:00+00:00,up,M30,486.1,4861.4,TP,4861.43,4823.73,0.04,192.9491,47,11.75,test
82663,82695,2025-10-21 17:45:00+00:00,2025-10-22 02:45:00+00:00,up,H1,1142.0,11420.3,KANALA_GERI_DONUS_ERKEN_CIKIS,-4595.0,-4632.7,0.01,-46.327,32,8.0,test
82700,82702,2025-10-22 04:00:00+00:00,2025-10-22 04:30:00+00:00,up,H1,1008.5,10085.4,SL_FALSE_BREAKOUT,-2987.09,-3024.79,0.01,-30.2479,2,0.5,test
82704,82728,2025-10-22 05:00:00+00:00,2025-10-22 11:00:00+00:00,up,H1,1184.9,11848.6,KANALA_GERI_DONUS_ERKEN_CIKIS,-2728.0,-2765.7,0.01,-27.657,24,6.0,test
82812,82818,2025-10-23 09:00:00+00:00,2025-10-23 10:30:00+00:00,up,H1,383.2,3832.3,SL_FALSE_BREAKOUT,-2585.46,-2623.16,0.05,-131.1578,6,1.5,test
82823,82831,2025-10-23 11:45:00+00:00,2025-10-23 13:45:00+00:00,up,H1,533.0,5330.0,SL_FALSE_BREAKOUT,-1267.6,-1305.3,0.03,-39.1591,8,2.0,test
82832,82835,2025-10-23 14:00:00+00:00,2025-10-23 14:45:00+00:00,up,H1,452.7,4527.1,KANALA_GERI_DONUS_ERKEN_CIKIS,-686.0,-723.7,0.04,-28.948,3,0.75,test
82838,82869,2025-10-23 15:30:00+00:00,2025-10-23 23:15:00+00:00,up,H1,446.9,4469.1,KANALA_GERI_DONUS_ERKEN_CIKIS,-1045.0,-1082.7,0.04,-43.308,31,7.75,test
82871,82874,2025-10-23 23:45:00+00:00,2025-10-24 01:30:00+00:00,up,H1,321.7,3216.6,KANALA_GERI_DONUS_ERKEN_CIKIS,-1424.0,-1461.7,0.06,-87.7021,3,0.75,test
82879,82888,2025-10-24 02:45:00+00:00,2025-10-24 05:00:00+00:00,up,H1,354.0,3540.0,KANALA_GERI_DONUS_ERKEN_CIKIS,-706.0,-743.7,0.05,-37.185,9,2.25,test
82895,82897,2025-10-24 06:45:00+00:00,2025-10-24 07:15:00+00:00,up,H1,372.6,3726.3,SL_FALSE_BREAKOUT,-979.37,-1017.07,0.05,-50.8534,2,0.5,test
82936,82939,2025-10-24 17:00:00+00:00,2025-10-24 17:45:00+00:00,up,H1,602.1,6021.1,SL_FALSE_BREAKOUT,-1792.89,-1830.59,0.03,-54.9176,3,0.75,test
82943,82949,2025-10-24 18:45:00+00:00,2025-10-24 20:15:00+00:00,up,H1,692.2,6921.7,KANALA_GERI_DONUS_ERKEN_CIKIS,-913.0,-950.7,0.02,-19.014,6,1.5,test
83081,83094,2025-10-28 06:15:00+00:00,2025-10-28 09:30:00+00:00,down,M30,420.5,4205.1,TP,4205.14,4167.44,0.04,166.6977,13,3.25,test
83151,83152,2025-10-29 00:45:00+00:00,2025-10-29 01:00:00+00:00,down,H1,452.8,4528.3,SL_FALSE_BREAKOUT,-1082.21,-1119.91,0.04,-44.7965,1,0.25,test
83159,83184,2025-10-29 02:45:00+00:00,2025-10-29 09:00:00+00:00,down,M30,541.0,5410.0,SL_FALSE_BREAKOUT,-1235.2,-1272.9,0.03,-38.1869,25,6.25,test
83230,83284,2025-10-29 20:30:00+00:00,2025-10-30 11:00:00+00:00,down,M30,506.5,5064.6,SL_FALSE_BREAKOUT,-3109.85,-3147.55,0.03,-94.4265,54,13.5,test
83293,83296,2025-10-30 13:15:00+00:00,2025-10-30 14:00:00+00:00,down,M30,458.2,4582.0,KANALA_GERI_DONUS_ERKEN_CIKIS,-1616.0,-1653.7,0.04,-66.148,3,0.75,test
83297,83303,2025-10-30 14:15:00+00:00,2025-10-30 15:45:00+00:00,down,M30,485.7,4856.9,SL_FALSE_BREAKOUT,-1252.27,-1289.97,0.04,-51.599,6,1.5,test
83577,83585,2025-11-04 16:15:00+00:00,2025-11-04 18:15:00+00:00,down,M30,377.9,3779.1,SL_FALSE_BREAKOUT,-1884.29,-1921.99,0.05,-96.0994,8,2.0,test
83591,83630,2025-11-04 19:45:00+00:00,2025-11-05 06:30:00+00:00,down,M30,518.7,5186.6,SL_FALSE_BREAKOUT,-1621.17,-1658.87,0.03,-49.766,39,9.75,test
83657,83659,2025-11-05 13:15:00+00:00,2025-11-05 13:45:00+00:00,down,M30,311.2,3112.0,SL_FALSE_BREAKOUT,-930.4,-968.1,0.06,-58.0858,2,0.5,test
86112,86120,2025-12-12 10:45:00+00:00,2025-12-12 12:45:00+00:00,up,M30,214.7,2147.1,TP,2147.14,2109.44,0.09,189.8498,8,2.0,test
86139,86140,2025-12-12 17:30:00+00:00,2025-12-12 17:45:00+00:00,up,M30,516.6,5166.3,SL_FALSE_BREAKOUT,-1624.23,-1661.94,0.03,-49.8581,1,0.25,test
86178,86205,2025-12-15 04:15:00+00:00,2025-12-15 11:00:00+00:00,up,M30,249.6,2496.3,TP,2496.29,2458.58,0.08,196.6868,27,6.75,test
86227,86228,2025-12-15 16:30:00+00:00,2025-12-15 16:45:00+00:00,up,M30,284.1,2841.4,SL_FALSE_BREAKOUT,-821.99,-859.69,0.07,-60.1782,1,0.25,test
86375,86379,2025-12-17 07:30:00+00:00,2025-12-17 08:30:00+00:00,up,M30,237.3,2372.9,SL_FALSE_BREAKOUT,-867.82,-905.53,0.08,-72.442,4,1.0,test
86407,86409,2025-12-17 15:30:00+00:00,2025-12-17 16:00:00+00:00,up,M30,252.7,2526.9,SL_FALSE_BREAKOUT,-712.11,-749.81,0.07,-52.4868,2,0.5,test
86411,86415,2025-12-17 16:30:00+00:00,2025-12-17 17:30:00+00:00,up,M30,326.6,3265.7,SL_FALSE_BREAKOUT,-752.73,-790.43,0.06,-47.426,4,1.0,test
86424,86427,2025-12-17 19:45:00+00:00,2025-12-17 20:30:00+00:00,up,M30,411.5,4114.9,SL_FALSE_BREAKOUT,-1191.04,-1228.74,0.04,-49.1495,3,0.75,test
86430,86432,2025-12-17 21:15:00+00:00,2025-12-17 21:45:00+00:00,up,M30,307.9,3079.1,SL_FALSE_BREAKOUT,-777.57,-815.27,0.06,-48.9162,2,0.5,test
86433,86448,2025-12-17 22:00:00+00:00,2025-12-18 02:45:00+00:00,up,M30,265.6,2655.7,KANALA_GERI_DONUS_ERKEN_CIKIS,-441.0,-478.7,0.07,-33.5091,15,3.75,test
86509,86513,2025-12-18 18:00:00+00:00,2025-12-18 19:00:00+00:00,up,M30,507.9,5078.9,SL_FALSE_BREAKOUT,-2731.81,-2769.51,0.03,-83.0853,4,1.0,test
86606,86611,2025-12-19 19:15:00+00:00,2025-12-19 20:30:00+00:00,up,M30,358.1,3580.6,KANALA_GERI_DONUS_ERKEN_CIKIS,-700.0,-737.7,0.05,-36.885,5,1.25,test
86630,86635,2025-12-22 02:15:00+00:00,2025-12-22 03:30:00+00:00,up,M30,196.6,1965.7,TP,1965.71,1928.01,0.1,192.8013,5,1.25,test
87337,87339,2026-01-05 17:00:00+00:00,2026-01-05 17:30:00+00:00,up,M30,435.7,4356.9,SL_FALSE_BREAKOUT,-1340.72,-1378.42,0.04,-55.1367,2,0.5,test
87349,87353,2026-01-05 20:00:00+00:00,2026-01-05 21:00:00+00:00,up,M30,415.5,4155.1,SL_FALSE_BREAKOUT,-1054.75,-1092.45,0.04,-43.6981,4,1.0,test
87358,87359,2026-01-05 22:15:00+00:00,2026-01-05 22:30:00+00:00,up,M30,285.2,2852.3,SL_FALSE_BREAKOUT,-713.12,-750.82,0.07,-52.5576,1,0.25,test
87361,87367,2026-01-05 23:00:00+00:00,2026-01-06 01:30:00+00:00,up,M30,263.3,2632.6,SL_FALSE_BREAKOUT,-792.7,-830.4,0.07,-58.1283,6,1.5,test
87376,87428,2026-01-06 03:45:00+00:00,2026-01-06 16:45:00+00:00,up,M30,334.1,3341.4,TP,3341.43,3303.73,0.05,165.1864,52,13.0,test
87490,87508,2026-01-07 09:15:00+00:00,2026-01-07 13:45:00+00:00,up,M30,330.1,3301.1,KANALA_GERI_DONUS_ERKEN_CIKIS,-759.0,-796.7,0.06,-47.8021,18,4.5,test
87527,87532,2026-01-07 18:30:00+00:00,2026-01-07 19:45:00+00:00,up,M30,495.6,4956.3,KANALA_GERI_DONUS_ERKEN_CIKIS,-1576.0,-1613.7,0.04,-64.548,5,1.25,test
87540,87544,2026-01-07 21:45:00+00:00,2026-01-07 22:45:00+00:00,up,M30,281.7,2816.9,KANALA_GERI_DONUS_ERKEN_CIKIS,-492.0,-529.7,0.07,-37.0791,4,1.0,test
87548,87555,2026-01-07 23:45:00+00:00,2026-01-08 02:30:00+00:00,up,M30,217.1,2170.9,SL_FALSE_BREAKOUT,-574.4,-612.1,0.09,-55.089,7,1.75,test
87557,87559,2026-01-08 03:00:00+00:00,2026-01-08 03:30:00+00:00,up,M30,248.0,2479.7,SL_FALSE_BREAKOUT,-617.68,-655.38,0.08,-52.4302,2,0.5,test
87620,87625,2026-01-08 18:45:00+00:00,2026-01-08 20:00:00+00:00,up,M30,445.6,4455.7,SL_FALSE_BREAKOUT,-1037.86,-1075.57,0.04,-43.0226,5,1.25,test
87634,87649,2026-01-08 22:15:00+00:00,2026-01-09 03:00:00+00:00,up,M30,264.7,2646.9,SL_FALSE_BREAKOUT,-1440.55,-1478.25,0.07,-103.4778,15,3.75,test
87652,87701,2026-01-09 03:45:00+00:00,2026-01-09 16:00:00+00:00,up,M30,255.4,2554.3,TP,2554.29,2516.58,0.07,176.1609,49,12.25,test
88554,88559,2026-01-23 01:45:00+00:00,2026-01-23 03:00:00+00:00,up,H1,419.9,4199.4,SL_FALSE_BREAKOUT,-1801.64,-1839.34,0.04,-73.5735,5,1.25,test
88562,88568,2026-01-23 03:45:00+00:00,2026-01-23 05:15:00+00:00,up,H1,558.3,5583.1,SL_FALSE_BREAKOUT,-1305.92,-1343.62,0.03,-40.3085,6,1.5,test
88571,88585,2026-01-23 06:00:00+00:00,2026-01-23 09:30:00+00:00,up,H1,432.0,4320.0,KANALA_GERI_DONUS_ERKEN_CIKIS,-632.0,-669.7,0.04,-26.788,14,3.5,test
88617,88643,2026-01-23 17:30:00+00:00,2026-01-26 01:00:00+00:00,up,H1,484.7,4846.9,TP,4846.86,4809.16,0.04,192.3662,26,6.5,test
89056,89075,2026-01-30 12:15:00+00:00,2026-01-30 17:00:00+00:00,up,H1,2404.7,24046.9,SL_FALSE_BREAKOUT,-7080.27,-7117.97,0.01,-71.1797,19,4.75,test
89076,89080,2026-01-30 17:15:00+00:00,2026-01-30 18:15:00+00:00,up,H1,1933.2,19331.7,SL_FALSE_BREAKOUT,-4984.52,-5022.22,0.01,-50.2222,4,1.0,test
89140,89229,2026-02-02 10:15:00+00:00,2026-02-03 09:30:00+00:00,up,M30,2657.5,26574.6,TP,26574.57,26536.87,0.01,265.3687,89,22.25,test
89306,89316,2026-02-04 05:45:00+00:00,2026-02-04 08:15:00+00:00,up,H1,985.9,9858.6,KANALA_GERI_DONUS_ERKEN_CIKIS,-1535.0,-1572.7,0.02,-31.454,10,2.5,test
89317,89328,2026-02-04 08:30:00+00:00,2026-02-04 11:15:00+00:00,up,H1,588.0,5880.0,KANALA_GERI_DONUS_ERKEN_CIKIS,-1406.0,-1443.7,0.03,-43.311,11,2.75,test
90565,90566,2026-02-24 01:00:00+00:00,2026-02-24 01:15:00+00:00,up,H1,321.8,3218.0,KANALA_GERI_DONUS_ERKEN_CIKIS,-776.0,-813.7,0.06,-48.8221,1,0.25,test
90567,90568,2026-02-24 01:30:00+00:00,2026-02-24 01:45:00+00:00,up,H1,362.3,3623.4,KANALA_GERI_DONUS_ERKEN_CIKIS,-664.0,-701.7,0.05,-35.085,1,0.25,test
90932,90933,2026-02-27 23:45:00+00:00,2026-03-02 01:00:00+00:00,up,H1,340.0,3400.0,TP,3400.0,3362.3,0.05,168.115,1,0.25,test
91012,91053,2026-03-02 20:45:00+00:00,2026-03-03 08:00:00+00:00,up,H1,913.5,9135.4,SL_FALSE_BREAKOUT,-2518.92,-2556.62,0.02,-51.1324,41,10.25,test
91054,91055,2026-03-03 08:15:00+00:00,2026-03-03 08:30:00+00:00,up,H1,681.8,6818.3,SL_FALSE_BREAKOUT,-1963.68,-2001.38,0.02,-40.0276,1,0.25,test
91057,91063,2026-03-03 09:00:00+00:00,2026-03-03 10:30:00+00:00,up,H1,793.7,7937.4,SL_FALSE_BREAKOUT,-1871.06,-1908.76,0.02,-38.1752,6,1.5,test
92123,92124,2026-03-18 21:30:00+00:00,2026-03-18 21:45:00+00:00,up,M30,548.0,5479.7,KANALA_GERI_DONUS_ERKEN_CIKIS,-755.0,-792.7,0.03,-23.781,1,0.25,test
92143,92159,2026-03-19 03:30:00+00:00,2026-03-19 07:30:00+00:00,up,M30,532.1,5320.9,SL_FALSE_BREAKOUT,-2630.22,-2667.92,0.03,-80.0376,16,4.0,test
92171,92172,2026-03-19 10:30:00+00:00,2026-03-19 10:45:00+00:00,down,H1,1023.5,10235.4,SL_FALSE_BREAKOUT,-3024.6,-3062.3,0.01,-30.623,1,0.25,test
92178,92187,2026-03-19 12:15:00+00:00,2026-03-19 14:30:00+00:00,down,H1,1150.1,11500.6,TP,11500.57,11462.87,0.01,114.6287,9,2.25,test
92236,92240,2026-03-20 03:45:00+00:00,2026-03-20 04:45:00+00:00,down,H1,731.7,7316.9,SL_FALSE_BREAKOUT,-2037.16,-2074.86,0.02,-41.4972,4,1.0,test
92255,92258,2026-03-20 08:30:00+00:00,2026-03-20 09:15:00+00:00,down,H1,538.3,5382.6,KANALA_GERI_DONUS_ERKEN_CIKIS,-2250.0,-2287.7,0.03,-68.631,3,0.75,test
92267,92277,2026-03-20 11:30:00+00:00,2026-03-20 14:00:00+00:00,down,H1,698.9,6988.6,SL_FALSE_BREAKOUT,-1592.02,-1629.72,0.02,-32.5945,10,2.5,test
92281,92286,2026-03-20 15:00:00+00:00,2026-03-20 16:15:00+00:00,down,H1,761.4,7614.0,TP,7614.0,7576.3,0.02,151.526,5,1.25,test
92526,92527,2026-03-25 07:15:00+00:00,2026-03-25 07:30:00+00:00,down,H1,419.3,4192.9,SL_FALSE_BREAKOUT,-1077.15,-1114.85,0.04,-44.5939,1,0.25,test
92529,92534,2026-03-25 08:00:00+00:00,2026-03-25 09:15:00+00:00,down,H1,458.8,4587.7,KANALA_GERI_DONUS_ERKEN_CIKIS,-2654.0,-2691.7,0.04,-107.668,5,1.25,test
92535,92538,2026-03-25 09:30:00+00:00,2026-03-25 10:15:00+00:00,down,H1,497.8,4978.0,SL_FALSE_BREAKOUT,-1696.41,-1734.11,0.04,-69.3645,3,0.75,test
92554,92557,2026-03-25 14:15:00+00:00,2026-03-25 15:00:00+00:00,down,H1,559.0,5590.0,SL_FALSE_BREAKOUT,-1452.97,-1490.67,0.03,-44.7202,3,0.75,test
92580,92619,2026-03-25 20:45:00+00:00,2026-03-26 07:30:00+00:00,down,H1,545.4,5454.3,TP,5454.29,5416.58,0.03,162.4975,39,9.75,test
92760,92761,2026-03-27 19:45:00+00:00,2026-03-27 20:00:00+00:00,down,H1,858.7,8586.9,KANALA_GERI_DONUS_ERKEN_CIKIS,-1211.0,-1248.7,0.02,-24.974,1,0.25,test
92781,92782,2026-03-30 03:00:00+00:00,2026-03-30 03:15:00+00:00,down,H1,813.5,8135.1,SL_FALSE_BREAKOUT,-2241.07,-2278.77,0.02,-45.5754,1,0.25,test
96787,96797,2026-05-29 18:00:00+00:00,2026-05-29 20:30:00+00:00,up,M30,618.4,6184.3,KANALA_GERI_DONUS_ERKEN_CIKIS,-3581.0,-3618.7,0.03,-108.561,10,2.5,test
98299,98341,2026-06-23 09:00:00+00:00,2026-06-23 19:30:00+00:00,down,H1,469.4,4694.0,KANALA_GERI_DONUS_ERKEN_CIKIS,-2068.0,-2105.7,0.04,-84.228,42,10.5,test
98342,98365,2026-06-23 19:45:00+00:00,2026-06-24 02:30:00+00:00,down,H1,427.4,4274.0,TP,4274.0,4236.3,0.04,169.452,23,5.75,test
98614,98635,2026-06-26 18:45:00+00:00,2026-06-29 01:00:00+00:00,down,H1,572.2,5721.7,KANALA_GERI_DONUS_ERKEN_CIKIS,2090.0,2052.3,0.03,61.569,21,5.25,test
98636,98638,2026-06-29 01:15:00+00:00,2026-06-29 01:45:00+00:00,down,H1,347.6,3476.0,SL_FALSE_BREAKOUT,-1191.95,-1229.65,0.05,-61.4825,2,0.5,test
98640,98645,2026-06-29 02:15:00+00:00,2026-06-29 03:30:00+00:00,down,H1,378.0,3779.7,SL_FALSE_BREAKOUT,-1166.92,-1204.62,0.05,-60.2311,5,1.25,test
98647,98649,2026-06-29 04:00:00+00:00,2026-06-29 04:30:00+00:00,down,H1,523.6,5236.3,KANALA_GERI_DONUS_ERKEN_CIKIS,-889.0,-926.7,0.03,-27.801,2,0.5,test
98661,98668,2026-06-29 07:30:00+00:00,2026-06-29 09:15:00+00:00,down,H1,360.9,3609.4,KANALA_GERI_DONUS_ERKEN_CIKIS,-381.0,-418.7,0.05,-20.935,7,1.75,test
98678,98699,2026-06-29 11:45:00+00:00,2026-06-29 17:00:00+00:00,down,H1,329.9,3299.4,TP,3299.43,3261.73,0.06,195.7037,21,5.25,test
98739,98740,2026-06-30 04:00:00+00:00,2026-06-30 04:15:00+00:00,down,M30,422.5,4224.6,SL_FALSE_BREAKOUT,-1491.11,-1528.81,0.04,-61.1524,1,0.25,test
98743,98750,2026-06-30 05:00:00+00:00,2026-06-30 06:45:00+00:00,down,M30,588.4,5884.3,KANALA_GERI_DONUS_ERKEN_CIKIS,-1245.0,-1282.7,0.03,-38.481,7,1.75,test
98796,98834,2026-06-30 18:15:00+00:00,2026-07-01 04:45:00+00:00,down,H1,541.8,5418.3,TP,5418.29,5380.58,0.03,161.4175,38,9.5,test
98855,98856,2026-07-01 10:00:00+00:00,2026-07-01 10:15:00+00:00,down,M30,303.9,3038.9,SL_FALSE_BREAKOUT,-892.8,-930.5,0.06,-55.83,1,0.25,test
98875,98877,2026-07-01 15:00:00+00:00,2026-07-01 15:30:00+00:00,down,H1,347.3,3473.1,SL_FALSE_BREAKOUT,-1099.71,-1137.42,0.05,-56.8708,2,0.5,test
98878,98880,2026-07-01 15:45:00+00:00,2026-07-01 16:15:00+00:00,down,H1,373.4,3733.7,SL_FALSE_BREAKOUT,-930.22,-967.92,0.05,-48.3961,2,0.5,test
98973,98976,2026-07-02 16:30:00+00:00,2026-07-02 17:15:00+00:00,up,M30,637.4,6373.7,KANALA_GERI_DONUS_ERKEN_CIKIS,-1838.0,-1875.7,0.03,-56.271,3,0.75,test
98978,98984,2026-07-02 17:45:00+00:00,2026-07-02 19:15:00+00:00,up,M30,754.5,7544.6,KANALA_GERI_DONUS_ERKEN_CIKIS,-1223.0,-1260.7,0.02,-25.214,6,1.5,test
98992,98995,2026-07-02 21:15:00+00:00,2026-07-02 22:00:00+00:00,up,M30,383.5,3834.6,SL_FALSE_BREAKOUT,-973.96,-1011.66,0.05,-50.5829,3,0.75,test
99000,99015,2026-07-02 23:15:00+00:00,2026-07-03 04:00:00+00:00,up,M30,309.0,3090.3,TP,3090.29,3052.58,0.06,183.1551,15,3.75,test
99200,99226,2026-07-07 08:15:00+00:00,2026-07-07 14:45:00+00:00,up,M30,293.5,2934.6,TP,2934.57,2896.87,0.06,173.8122,26,6.5,test
99283,99299,2026-07-08 06:00:00+00:00,2026-07-08 10:00:00+00:00,up,M30,456.9,4568.9,KANALA_GERI_DONUS_ERKEN_CIKIS,-1020.0,-1057.7,0.04,-42.308,16,4.0,test
99301,99303,2026-07-08 10:30:00+00:00,2026-07-08 11:00:00+00:00,up,M30,275.4,2753.7,SL_FALSE_BREAKOUT,-1023.37,-1061.07,0.07,-74.2751,2,0.5,test
99416,99420,2026-07-09 16:15:00+00:00,2026-07-09 17:15:00+00:00,up,M30,348.9,3488.9,SL_FALSE_BREAKOUT,-904.39,-942.09,0.05,-47.1043,4,1.0,test
99422,99441,2026-07-09 17:45:00+00:00,2026-07-09 22:30:00+00:00,up,M30,421.0,4209.7,KANALA_GERI_DONUS_ERKEN_CIKIS,-765.0,-802.7,0.04,-32.108,19,4.75,test
99445,99456,2026-07-09 23:30:00+00:00,2026-07-10 03:15:00+00:00,up,M30,189.9,1899.4,SL_FALSE_BREAKOUT,-579.94,-617.64,0.1,-61.7644,11,2.75,test
99457,99459,2026-07-10 03:30:00+00:00,2026-07-10 04:00:00+00:00,up,M30,157.2,1572.3,SL_FALSE_BREAKOUT,-412.23,-449.93,0.12,-53.9915,2,0.5,test
99463,99470,2026-07-10 05:00:00+00:00,2026-07-10 06:45:00+00:00,up,M30,294.2,2942.0,KANALA_GERI_DONUS_ERKEN_CIKIS,-449.0,-486.7,0.06,-29.2021,7,1.75,test
